,set_type,file_path,experiment_ID,plate_ID,well_ID,time_point
0,train,./images/PH000000124_LeicaMF_RGB_t0_A02.jpg,20171009,PH000000124,A02,0
1,train,./images/PH000000124_LeicaMF_RGB_t1_A02.jpg,20171009,PH000000124,A02,1
2,train,./images/PH000000124_LeicaMF_RGB_t2_A02.jpg,20171009,PH000000124,A02,2
3,train,./images/PH000000124_LeicaMF_RGB_t4_A02.jpg,20171009,PH000000124,A02,4
4,train,./images/PH000000124_LeicaMF_RGB_t6_A02.jpg,20171009,PH000000124,A02,6
5,train,./images/PH000000124_LeicaMF_RGB_t0_A03.jpg,20171009,PH000000124,A03,0
6,train,./images/PH000000124_LeicaMF_RGB_t1_A03.jpg,20171009,PH000000124,A03,1
7,train,./images/PH000000124_LeicaMF_RGB_t2_A03.jpg,20171009,PH000000124,A03,2
8,train,./images/PH000000124_LeicaMF_RGB_t4_A03.jpg,20171009,PH000000124,A03,4
9,train,./images/PH000000124_LeicaMF_RGB_t6_A03.jpg,20171009,PH000000124,A03,6
10,train,./images/PH000000124_LeicaMF_RGB_t0_A04.jpg,20171009,PH000000124,A04,0
11,train,./images/PH000000124_LeicaMF_RGB_t1_A04.jpg,20171009,PH000000124,A04,1
12,train,./images/PH000000124_LeicaMF_RGB_t2_A04.jpg,20171009,PH000000124,A04,2
13,train,./images/PH000000124_LeicaMF_RGB_t4_A04.jpg,20171009,PH000000124,A04,4
14,train,./images/PH000000124_LeicaMF_RGB_t6_A04.jpg,20171009,PH000000124,A04,6
15,train,./images/PH000000124_LeicaMF_RGB_t0_A05.jpg,20171009,PH000000124,A05,0
16,train,./images/PH000000124_LeicaMF_RGB_t1_A05.jpg,20171009,PH000000124,A05,1
17,train,./images/PH000000124_LeicaMF_RGB_t2_A05.jpg,20171009,PH000000124,A05,2
18,train,./images/PH000000124_LeicaMF_RGB_t4_A05.jpg,20171009,PH000000124,A05,4
19,train,./images/PH000000124_LeicaMF_RGB_t6_A05.jpg,20171009,PH000000124,A05,6
20,train,./images/PH000000124_LeicaMF_RGB_t0_A06.jpg,20171009,PH000000124,A06,0
21,train,./images/PH000000124_LeicaMF_RGB_t1_A06.jpg,20171009,PH000000124,A06,1
22,train,./images/PH000000124_LeicaMF_RGB_t2_A06.jpg,20171009,PH000000124,A06,2
23,train,./images/PH000000124_LeicaMF_RGB_t4_A06.jpg,20171009,PH000000124,A06,4
24,train,./images/PH000000124_LeicaMF_RGB_t6_A06.jpg,20171009,PH000000124,A06,6
25,train,./images/PH000000124_LeicaMF_RGB_t0_A07.jpg,20171009,PH000000124,A07,0
26,train,./images/PH000000124_LeicaMF_RGB_t1_A07.jpg,20171009,PH000000124,A07,1
27,train,./images/PH000000124_LeicaMF_RGB_t2_A07.jpg,20171009,PH000000124,A07,2
28,train,./images/PH000000124_LeicaMF_RGB_t4_A07.jpg,20171009,PH000000124,A07,4
29,train,./images/PH000000124_LeicaMF_RGB_t6_A07.jpg,20171009,PH000000124,A07,6
30,train,./images/PH000000124_LeicaMF_RGB_t0_A09.jpg,20171009,PH000000124,A09,0
31,train,./images/PH000000124_LeicaMF_RGB_t1_A09.jpg,20171009,PH000000124,A09,1
32,train,./images/PH000000124_LeicaMF_RGB_t2_A09.jpg,20171009,PH000000124,A09,2
33,train,./images/PH000000124_LeicaMF_RGB_t4_A09.jpg,20171009,PH000000124,A09,4
34,train,./images/PH000000124_LeicaMF_RGB_t6_A09.jpg,20171009,PH000000124,A09,6
35,train,./images/PH000000124_LeicaMF_RGB_t0_A10.jpg,20171009,PH000000124,A10,0
36,train,./images/PH000000124_LeicaMF_RGB_t1_A10.jpg,20171009,PH000000124,A10,1
37,train,./images/PH000000124_LeicaMF_RGB_t2_A10.jpg,20171009,PH000000124,A10,2
38,train,./images/PH000000124_LeicaMF_RGB_t4_A10.jpg,20171009,PH000000124,A10,4
39,train,./images/PH000000124_LeicaMF_RGB_t6_A10.jpg,20171009,PH000000124,A10,6
40,train,./images/PH000000124_LeicaMF_RGB_t0_A11.jpg,20171009,PH000000124,A11,0
41,train,./images/PH000000124_LeicaMF_RGB_t1_A11.jpg,20171009,PH000000124,A11,1
42,train,./images/PH000000124_LeicaMF_RGB_t2_A11.jpg,20171009,PH000000124,A11,2
43,train,./images/PH000000124_LeicaMF_RGB_t4_A11.jpg,20171009,PH000000124,A11,4
44,train,./images/PH000000124_LeicaMF_RGB_t6_A11.jpg,20171009,PH000000124,A11,6
45,train,./images/PH000000124_LeicaMF_RGB_t0_A12.jpg,20171009,PH000000124,A12,0
46,train,./images/PH000000124_LeicaMF_RGB_t1_A12.jpg,20171009,PH000000124,A12,1
47,train,./images/PH000000124_LeicaMF_RGB_t2_A12.jpg,20171009,PH000000124,A12,2
48,train,./images/PH000000124_LeicaMF_RGB_t4_A12.jpg,20171009,PH000000124,A12,4
49,train,./images/PH000000124_LeicaMF_RGB_t6_A12.jpg,20171009,PH000000124,A12,6
50,train,./images/PH000000124_LeicaMF_RGB_t0_B02.jpg,20171009,PH000000124,B02,0
51,train,./images/PH000000124_LeicaMF_RGB_t1_B02.jpg,20171009,PH000000124,B02,1
52,train,./images/PH000000124_LeicaMF_RGB_t2_B02.jpg,20171009,PH000000124,B02,2
53,train,./images/PH000000124_LeicaMF_RGB_t4_B02.jpg,20171009,PH000000124,B02,4
54,train,./images/PH000000124_LeicaMF_RGB_t6_B02.jpg,20171009,PH000000124,B02,6
55,train,./images/PH000000124_LeicaMF_RGB_t0_B03.jpg,20171009,PH000000124,B03,0
56,train,./images/PH000000124_LeicaMF_RGB_t1_B03.jpg,20171009,PH000000124,B03,1
57,train,./images/PH000000124_LeicaMF_RGB_t2_B03.jpg,20171009,PH000000124,B03,2
58,train,./images/PH000000124_LeicaMF_RGB_t4_B03.jpg,20171009,PH000000124,B03,4
59,train,./images/PH000000124_LeicaMF_RGB_t6_B03.jpg,20171009,PH000000124,B03,6
60,train,./images/PH000000124_LeicaMF_RGB_t0_B05.jpg,20171009,PH000000124,B05,0
61,train,./images/PH000000124_LeicaMF_RGB_t1_B05.jpg,20171009,PH000000124,B05,1
62,train,./images/PH000000124_LeicaMF_RGB_t2_B05.jpg,20171009,PH000000124,B05,2
63,train,./images/PH000000124_LeicaMF_RGB_t4_B05.jpg,20171009,PH000000124,B05,4
64,train,./images/PH000000124_LeicaMF_RGB_t6_B05.jpg,20171009,PH000000124,B05,6
65,train,./images/PH000000124_LeicaMF_RGB_t0_B06.jpg,20171009,PH000000124,B06,0
66,train,./images/PH000000124_LeicaMF_RGB_t1_B06.jpg,20171009,PH000000124,B06,1
67,train,./images/PH000000124_LeicaMF_RGB_t2_B06.jpg,20171009,PH000000124,B06,2
68,train,./images/PH000000124_LeicaMF_RGB_t4_B06.jpg,20171009,PH000000124,B06,4
69,train,./images/PH000000124_LeicaMF_RGB_t6_B06.jpg,20171009,PH000000124,B06,6
70,train,./images/PH000000124_LeicaMF_RGB_t0_B08.jpg,20171009,PH000000124,B08,0
71,train,./images/PH000000124_LeicaMF_RGB_t1_B08.jpg,20171009,PH000000124,B08,1
72,train,./images/PH000000124_LeicaMF_RGB_t2_B08.jpg,20171009,PH000000124,B08,2
73,train,./images/PH000000124_LeicaMF_RGB_t4_B08.jpg,20171009,PH000000124,B08,4
74,train,./images/PH000000124_LeicaMF_RGB_t6_B08.jpg,20171009,PH000000124,B08,6
75,train,./images/PH000000124_LeicaMF_RGB_t0_B09.jpg,20171009,PH000000124,B09,0
76,train,./images/PH000000124_LeicaMF_RGB_t1_B09.jpg,20171009,PH000000124,B09,1
77,train,./images/PH000000124_LeicaMF_RGB_t2_B09.jpg,20171009,PH000000124,B09,2
78,train,./images/PH000000124_LeicaMF_RGB_t4_B09.jpg,20171009,PH000000124,B09,4
79,train,./images/PH000000124_LeicaMF_RGB_t6_B09.jpg,20171009,PH000000124,B09,6
80,train,./images/PH000000124_LeicaMF_RGB_t0_C02.jpg,20171009,PH000000124,C02,0
81,train,./images/PH000000124_LeicaMF_RGB_t1_C02.jpg,20171009,PH000000124,C02,1
82,train,./images/PH000000124_LeicaMF_RGB_t2_C02.jpg,20171009,PH000000124,C02,2
83,train,./images/PH000000124_LeicaMF_RGB_t4_C02.jpg,20171009,PH000000124,C02,4
84,train,./images/PH000000124_LeicaMF_RGB_t6_C02.jpg,20171009,PH000000124,C02,6
85,train,./images/PH000000124_LeicaMF_RGB_t0_C03.jpg,20171009,PH000000124,C03,0
86,train,./images/PH000000124_LeicaMF_RGB_t1_C03.jpg,20171009,PH000000124,C03,1
87,train,./images/PH000000124_LeicaMF_RGB_t2_C03.jpg,20171009,PH000000124,C03,2
88,train,./images/PH000000124_LeicaMF_RGB_t4_C03.jpg,20171009,PH000000124,C03,4
89,train,./images/PH000000124_LeicaMF_RGB_t6_C03.jpg,20171009,PH000000124,C03,6
90,train,./images/PH000000124_LeicaMF_RGB_t0_C04.jpg,20171009,PH000000124,C04,0
91,train,./images/PH000000124_LeicaMF_RGB_t1_C04.jpg,20171009,PH000000124,C04,1
92,train,./images/PH000000124_LeicaMF_RGB_t2_C04.jpg,20171009,PH000000124,C04,2
93,train,./images/PH000000124_LeicaMF_RGB_t4_C04.jpg,20171009,PH000000124,C04,4
94,train,./images/PH000000124_LeicaMF_RGB_t6_C04.jpg,20171009,PH000000124,C04,6
95,train,./images/PH000000124_LeicaMF_RGB_t0_C06.jpg,20171009,PH000000124,C06,0
96,train,./images/PH000000124_LeicaMF_RGB_t1_C06.jpg,20171009,PH000000124,C06,1
97,train,./images/PH000000124_LeicaMF_RGB_t2_C06.jpg,20171009,PH000000124,C06,2
98,train,./images/PH000000124_LeicaMF_RGB_t4_C06.jpg,20171009,PH000000124,C06,4
99,train,./images/PH000000124_LeicaMF_RGB_t6_C06.jpg,20171009,PH000000124,C06,6
100,train,./images/PH000000124_LeicaMF_RGB_t0_C07.jpg,20171009,PH000000124,C07,0
101,train,./images/PH000000124_LeicaMF_RGB_t1_C07.jpg,20171009,PH000000124,C07,1
102,train,./images/PH000000124_LeicaMF_RGB_t2_C07.jpg,20171009,PH000000124,C07,2
103,train,./images/PH000000124_LeicaMF_RGB_t4_C07.jpg,20171009,PH000000124,C07,4
104,train,./images/PH000000124_LeicaMF_RGB_t6_C07.jpg,20171009,PH000000124,C07,6
105,train,./images/PH000000124_LeicaMF_RGB_t0_C08.jpg,20171009,PH000000124,C08,0
106,train,./images/PH000000124_LeicaMF_RGB_t1_C08.jpg,20171009,PH000000124,C08,1
107,train,./images/PH000000124_LeicaMF_RGB_t2_C08.jpg,20171009,PH000000124,C08,2
108,train,./images/PH000000124_LeicaMF_RGB_t4_C08.jpg,20171009,PH000000124,C08,4
109,train,./images/PH000000124_LeicaMF_RGB_t6_C08.jpg,20171009,PH000000124,C08,6
110,train,./images/PH000000124_LeicaMF_RGB_t0_C09.jpg,20171009,PH000000124,C09,0
111,train,./images/PH000000124_LeicaMF_RGB_t1_C09.jpg,20171009,PH000000124,C09,1
112,train,./images/PH000000124_LeicaMF_RGB_t2_C09.jpg,20171009,PH000000124,C09,2
113,train,./images/PH000000124_LeicaMF_RGB_t4_C09.jpg,20171009,PH000000124,C09,4
114,train,./images/PH000000124_LeicaMF_RGB_t6_C09.jpg,20171009,PH000000124,C09,6
115,train,./images/PH000000124_LeicaMF_RGB_t0_C10.jpg,20171009,PH000000124,C10,0
116,train,./images/PH000000124_LeicaMF_RGB_t1_C10.jpg,20171009,PH000000124,C10,1
117,train,./images/PH000000124_LeicaMF_RGB_t2_C10.jpg,20171009,PH000000124,C10,2
118,train,./images/PH000000124_LeicaMF_RGB_t4_C10.jpg,20171009,PH000000124,C10,4
119,train,./images/PH000000124_LeicaMF_RGB_t6_C10.jpg,20171009,PH000000124,C10,6
120,train,./images/PH000000124_LeicaMF_RGB_t0_C12.jpg,20171009,PH000000124,C12,0
121,train,./images/PH000000124_LeicaMF_RGB_t1_C12.jpg,20171009,PH000000124,C12,1
122,train,./images/PH000000124_LeicaMF_RGB_t2_C12.jpg,20171009,PH000000124,C12,2
123,train,./images/PH000000124_LeicaMF_RGB_t4_C12.jpg,20171009,PH000000124,C12,4
124,train,./images/PH000000124_LeicaMF_RGB_t6_C12.jpg,20171009,PH000000124,C12,6
125,train,./images/PH000000124_LeicaMF_RGB_t0_D02.jpg,20171009,PH000000124,D02,0
126,train,./images/PH000000124_LeicaMF_RGB_t1_D02.jpg,20171009,PH000000124,D02,1
127,train,./images/PH000000124_LeicaMF_RGB_t2_D02.jpg,20171009,PH000000124,D02,2
128,train,./images/PH000000124_LeicaMF_RGB_t4_D02.jpg,20171009,PH000000124,D02,4
129,train,./images/PH000000124_LeicaMF_RGB_t6_D02.jpg,20171009,PH000000124,D02,6
130,train,./images/PH000000124_LeicaMF_RGB_t0_D03.jpg,20171009,PH000000124,D03,0
131,train,./images/PH000000124_LeicaMF_RGB_t1_D03.jpg,20171009,PH000000124,D03,1
132,train,./images/PH000000124_LeicaMF_RGB_t2_D03.jpg,20171009,PH000000124,D03,2
133,train,./images/PH000000124_LeicaMF_RGB_t4_D03.jpg,20171009,PH000000124,D03,4
134,train,./images/PH000000124_LeicaMF_RGB_t6_D03.jpg,20171009,PH000000124,D03,6
135,train,./images/PH000000124_LeicaMF_RGB_t0_D05.jpg,20171009,PH000000124,D05,0
136,train,./images/PH000000124_LeicaMF_RGB_t1_D05.jpg,20171009,PH000000124,D05,1
137,train,./images/PH000000124_LeicaMF_RGB_t2_D05.jpg,20171009,PH000000124,D05,2
138,train,./images/PH000000124_LeicaMF_RGB_t4_D05.jpg,20171009,PH000000124,D05,4
139,train,./images/PH000000124_LeicaMF_RGB_t6_D05.jpg,20171009,PH000000124,D05,6
140,train,./images/PH000000124_LeicaMF_RGB_t0_D07.jpg,20171009,PH000000124,D07,0
141,train,./images/PH000000124_LeicaMF_RGB_t1_D07.jpg,20171009,PH000000124,D07,1
142,train,./images/PH000000124_LeicaMF_RGB_t2_D07.jpg,20171009,PH000000124,D07,2
143,train,./images/PH000000124_LeicaMF_RGB_t4_D07.jpg,20171009,PH000000124,D07,4
144,train,./images/PH000000124_LeicaMF_RGB_t6_D07.jpg,20171009,PH000000124,D07,6
145,train,./images/PH000000124_LeicaMF_RGB_t0_D08.jpg,20171009,PH000000124,D08,0
146,train,./images/PH000000124_LeicaMF_RGB_t1_D08.jpg,20171009,PH000000124,D08,1
147,train,./images/PH000000124_LeicaMF_RGB_t2_D08.jpg,20171009,PH000000124,D08,2
148,train,./images/PH000000124_LeicaMF_RGB_t4_D08.jpg,20171009,PH000000124,D08,4
149,train,./images/PH000000124_LeicaMF_RGB_t6_D08.jpg,20171009,PH000000124,D08,6
150,train,./images/PH000000124_LeicaMF_RGB_t0_D09.jpg,20171009,PH000000124,D09,0
151,train,./images/PH000000124_LeicaMF_RGB_t1_D09.jpg,20171009,PH000000124,D09,1
152,train,./images/PH000000124_LeicaMF_RGB_t2_D09.jpg,20171009,PH000000124,D09,2
153,train,./images/PH000000124_LeicaMF_RGB_t4_D09.jpg,20171009,PH000000124,D09,4
154,train,./images/PH000000124_LeicaMF_RGB_t6_D09.jpg,20171009,PH000000124,D09,6
155,train,./images/PH000000124_LeicaMF_RGB_t0_D10.jpg,20171009,PH000000124,D10,0
156,train,./images/PH000000124_LeicaMF_RGB_t1_D10.jpg,20171009,PH000000124,D10,1
157,train,./images/PH000000124_LeicaMF_RGB_t2_D10.jpg,20171009,PH000000124,D10,2
158,train,./images/PH000000124_LeicaMF_RGB_t4_D10.jpg,20171009,PH000000124,D10,4
159,train,./images/PH000000124_LeicaMF_RGB_t6_D10.jpg,20171009,PH000000124,D10,6
160,train,./images/PH000000124_LeicaMF_RGB_t0_D11.jpg,20171009,PH000000124,D11,0
161,train,./images/PH000000124_LeicaMF_RGB_t1_D11.jpg,20171009,PH000000124,D11,1
162,train,./images/PH000000124_LeicaMF_RGB_t2_D11.jpg,20171009,PH000000124,D11,2
163,train,./images/PH000000124_LeicaMF_RGB_t4_D11.jpg,20171009,PH000000124,D11,4
164,train,./images/PH000000124_LeicaMF_RGB_t6_D11.jpg,20171009,PH000000124,D11,6
165,train,./images/PH000000124_LeicaMF_RGB_t0_D12.jpg,20171009,PH000000124,D12,0
166,train,./images/PH000000124_LeicaMF_RGB_t1_D12.jpg,20171009,PH000000124,D12,1
167,train,./images/PH000000124_LeicaMF_RGB_t2_D12.jpg,20171009,PH000000124,D12,2
168,train,./images/PH000000124_LeicaMF_RGB_t4_D12.jpg,20171009,PH000000124,D12,4
169,train,./images/PH000000124_LeicaMF_RGB_t6_D12.jpg,20171009,PH000000124,D12,6
170,train,./images/PH000000124_LeicaMF_RGB_t0_E02.jpg,20171009,PH000000124,E02,0
171,train,./images/PH000000124_LeicaMF_RGB_t1_E02.jpg,20171009,PH000000124,E02,1
172,train,./images/PH000000124_LeicaMF_RGB_t2_E02.jpg,20171009,PH000000124,E02,2
173,train,./images/PH000000124_LeicaMF_RGB_t4_E02.jpg,20171009,PH000000124,E02,4
174,train,./images/PH000000124_LeicaMF_RGB_t6_E02.jpg,20171009,PH000000124,E02,6
175,train,./images/PH000000124_LeicaMF_RGB_t0_E03.jpg,20171009,PH000000124,E03,0
176,train,./images/PH000000124_LeicaMF_RGB_t1_E03.jpg,20171009,PH000000124,E03,1
177,train,./images/PH000000124_LeicaMF_RGB_t2_E03.jpg,20171009,PH000000124,E03,2
178,train,./images/PH000000124_LeicaMF_RGB_t4_E03.jpg,20171009,PH000000124,E03,4
179,train,./images/PH000000124_LeicaMF_RGB_t6_E03.jpg,20171009,PH000000124,E03,6
180,train,./images/PH000000124_LeicaMF_RGB_t0_E04.jpg,20171009,PH000000124,E04,0
181,train,./images/PH000000124_LeicaMF_RGB_t1_E04.jpg,20171009,PH000000124,E04,1
182,train,./images/PH000000124_LeicaMF_RGB_t2_E04.jpg,20171009,PH000000124,E04,2
183,train,./images/PH000000124_LeicaMF_RGB_t4_E04.jpg,20171009,PH000000124,E04,4
184,train,./images/PH000000124_LeicaMF_RGB_t6_E04.jpg,20171009,PH000000124,E04,6
185,train,./images/PH000000124_LeicaMF_RGB_t0_E05.jpg,20171009,PH000000124,E05,0
186,train,./images/PH000000124_LeicaMF_RGB_t1_E05.jpg,20171009,PH000000124,E05,1
187,train,./images/PH000000124_LeicaMF_RGB_t2_E05.jpg,20171009,PH000000124,E05,2
188,train,./images/PH000000124_LeicaMF_RGB_t4_E05.jpg,20171009,PH000000124,E05,4
189,train,./images/PH000000124_LeicaMF_RGB_t6_E05.jpg,20171009,PH000000124,E05,6
190,train,./images/PH000000124_LeicaMF_RGB_t0_E06.jpg,20171009,PH000000124,E06,0
191,train,./images/PH000000124_LeicaMF_RGB_t1_E06.jpg,20171009,PH000000124,E06,1
192,train,./images/PH000000124_LeicaMF_RGB_t2_E06.jpg,20171009,PH000000124,E06,2
193,train,./images/PH000000124_LeicaMF_RGB_t4_E06.jpg,20171009,PH000000124,E06,4
194,train,./images/PH000000124_LeicaMF_RGB_t6_E06.jpg,20171009,PH000000124,E06,6
195,train,./images/PH000000124_LeicaMF_RGB_t0_E07.jpg,20171009,PH000000124,E07,0
196,train,./images/PH000000124_LeicaMF_RGB_t1_E07.jpg,20171009,PH000000124,E07,1
197,train,./images/PH000000124_LeicaMF_RGB_t2_E07.jpg,20171009,PH000000124,E07,2
198,train,./images/PH000000124_LeicaMF_RGB_t4_E07.jpg,20171009,PH000000124,E07,4
199,train,./images/PH000000124_LeicaMF_RGB_t6_E07.jpg,20171009,PH000000124,E07,6
200,train,./images/PH000000124_LeicaMF_RGB_t0_E08.jpg,20171009,PH000000124,E08,0
201,train,./images/PH000000124_LeicaMF_RGB_t1_E08.jpg,20171009,PH000000124,E08,1
202,train,./images/PH000000124_LeicaMF_RGB_t2_E08.jpg,20171009,PH000000124,E08,2
203,train,./images/PH000000124_LeicaMF_RGB_t4_E08.jpg,20171009,PH000000124,E08,4
204,train,./images/PH000000124_LeicaMF_RGB_t6_E08.jpg,20171009,PH000000124,E08,6
205,train,./images/PH000000124_LeicaMF_RGB_t0_E09.jpg,20171009,PH000000124,E09,0
206,train,./images/PH000000124_LeicaMF_RGB_t1_E09.jpg,20171009,PH000000124,E09,1
207,train,./images/PH000000124_LeicaMF_RGB_t2_E09.jpg,20171009,PH000000124,E09,2
208,train,./images/PH000000124_LeicaMF_RGB_t4_E09.jpg,20171009,PH000000124,E09,4
209,train,./images/PH000000124_LeicaMF_RGB_t6_E09.jpg,20171009,PH000000124,E09,6
210,train,./images/PH000000124_LeicaMF_RGB_t0_E10.jpg,20171009,PH000000124,E10,0
211,train,./images/PH000000124_LeicaMF_RGB_t1_E10.jpg,20171009,PH000000124,E10,1
212,train,./images/PH000000124_LeicaMF_RGB_t2_E10.jpg,20171009,PH000000124,E10,2
213,train,./images/PH000000124_LeicaMF_RGB_t4_E10.jpg,20171009,PH000000124,E10,4
214,train,./images/PH000000124_LeicaMF_RGB_t6_E10.jpg,20171009,PH000000124,E10,6
215,train,./images/PH000000124_LeicaMF_RGB_t0_E11.jpg,20171009,PH000000124,E11,0
216,train,./images/PH000000124_LeicaMF_RGB_t1_E11.jpg,20171009,PH000000124,E11,1
217,train,./images/PH000000124_LeicaMF_RGB_t2_E11.jpg,20171009,PH000000124,E11,2
218,train,./images/PH000000124_LeicaMF_RGB_t4_E11.jpg,20171009,PH000000124,E11,4
219,train,./images/PH000000124_LeicaMF_RGB_t6_E11.jpg,20171009,PH000000124,E11,6
220,train,./images/PH000000124_LeicaMF_RGB_t0_E12.jpg,20171009,PH000000124,E12,0
221,train,./images/PH000000124_LeicaMF_RGB_t1_E12.jpg,20171009,PH000000124,E12,1
222,train,./images/PH000000124_LeicaMF_RGB_t2_E12.jpg,20171009,PH000000124,E12,2
223,train,./images/PH000000124_LeicaMF_RGB_t4_E12.jpg,20171009,PH000000124,E12,4
224,train,./images/PH000000124_LeicaMF_RGB_t6_E12.jpg,20171009,PH000000124,E12,6
225,train,./images/PH000000124_LeicaMF_RGB_t0_F02.jpg,20171009,PH000000124,F02,0
226,train,./images/PH000000124_LeicaMF_RGB_t1_F02.jpg,20171009,PH000000124,F02,1
227,train,./images/PH000000124_LeicaMF_RGB_t2_F02.jpg,20171009,PH000000124,F02,2
228,train,./images/PH000000124_LeicaMF_RGB_t4_F02.jpg,20171009,PH000000124,F02,4
229,train,./images/PH000000124_LeicaMF_RGB_t6_F02.jpg,20171009,PH000000124,F02,6
230,train,./images/PH000000124_LeicaMF_RGB_t0_F03.jpg,20171009,PH000000124,F03,0
231,train,./images/PH000000124_LeicaMF_RGB_t1_F03.jpg,20171009,PH000000124,F03,1
232,train,./images/PH000000124_LeicaMF_RGB_t2_F03.jpg,20171009,PH000000124,F03,2
233,train,./images/PH000000124_LeicaMF_RGB_t4_F03.jpg,20171009,PH000000124,F03,4
234,train,./images/PH000000124_LeicaMF_RGB_t6_F03.jpg,20171009,PH000000124,F03,6
235,train,./images/PH000000124_LeicaMF_RGB_t0_F04.jpg,20171009,PH000000124,F04,0
236,train,./images/PH000000124_LeicaMF_RGB_t1_F04.jpg,20171009,PH000000124,F04,1
237,train,./images/PH000000124_LeicaMF_RGB_t2_F04.jpg,20171009,PH000000124,F04,2
238,train,./images/PH000000124_LeicaMF_RGB_t4_F04.jpg,20171009,PH000000124,F04,4
239,train,./images/PH000000124_LeicaMF_RGB_t6_F04.jpg,20171009,PH000000124,F04,6
240,train,./images/PH000000124_LeicaMF_RGB_t0_F05.jpg,20171009,PH000000124,F05,0
241,train,./images/PH000000124_LeicaMF_RGB_t1_F05.jpg,20171009,PH000000124,F05,1
242,train,./images/PH000000124_LeicaMF_RGB_t2_F05.jpg,20171009,PH000000124,F05,2
243,train,./images/PH000000124_LeicaMF_RGB_t4_F05.jpg,20171009,PH000000124,F05,4
244,train,./images/PH000000124_LeicaMF_RGB_t6_F05.jpg,20171009,PH000000124,F05,6
245,train,./images/PH000000124_LeicaMF_RGB_t0_F06.jpg,20171009,PH000000124,F06,0
246,train,./images/PH000000124_LeicaMF_RGB_t1_F06.jpg,20171009,PH000000124,F06,1
247,train,./images/PH000000124_LeicaMF_RGB_t2_F06.jpg,20171009,PH000000124,F06,2
248,train,./images/PH000000124_LeicaMF_RGB_t4_F06.jpg,20171009,PH000000124,F06,4
249,train,./images/PH000000124_LeicaMF_RGB_t6_F06.jpg,20171009,PH000000124,F06,6
250,train,./images/PH000000124_LeicaMF_RGB_t0_F07.jpg,20171009,PH000000124,F07,0
251,train,./images/PH000000124_LeicaMF_RGB_t1_F07.jpg,20171009,PH000000124,F07,1
252,train,./images/PH000000124_LeicaMF_RGB_t2_F07.jpg,20171009,PH000000124,F07,2
253,train,./images/PH000000124_LeicaMF_RGB_t4_F07.jpg,20171009,PH000000124,F07,4
254,train,./images/PH000000124_LeicaMF_RGB_t6_F07.jpg,20171009,PH000000124,F07,6
255,train,./images/PH000000124_LeicaMF_RGB_t0_F08.jpg,20171009,PH000000124,F08,0
256,train,./images/PH000000124_LeicaMF_RGB_t1_F08.jpg,20171009,PH000000124,F08,1
257,train,./images/PH000000124_LeicaMF_RGB_t2_F08.jpg,20171009,PH000000124,F08,2
258,train,./images/PH000000124_LeicaMF_RGB_t4_F08.jpg,20171009,PH000000124,F08,4
259,train,./images/PH000000124_LeicaMF_RGB_t6_F08.jpg,20171009,PH000000124,F08,6
260,train,./images/PH000000124_LeicaMF_RGB_t0_F09.jpg,20171009,PH000000124,F09,0
261,train,./images/PH000000124_LeicaMF_RGB_t1_F09.jpg,20171009,PH000000124,F09,1
262,train,./images/PH000000124_LeicaMF_RGB_t2_F09.jpg,20171009,PH000000124,F09,2
263,train,./images/PH000000124_LeicaMF_RGB_t4_F09.jpg,20171009,PH000000124,F09,4
264,train,./images/PH000000124_LeicaMF_RGB_t6_F09.jpg,20171009,PH000000124,F09,6
265,train,./images/PH000000124_LeicaMF_RGB_t0_F10.jpg,20171009,PH000000124,F10,0
266,train,./images/PH000000124_LeicaMF_RGB_t1_F10.jpg,20171009,PH000000124,F10,1
267,train,./images/PH000000124_LeicaMF_RGB_t2_F10.jpg,20171009,PH000000124,F10,2
268,train,./images/PH000000124_LeicaMF_RGB_t4_F10.jpg,20171009,PH000000124,F10,4
269,train,./images/PH000000124_LeicaMF_RGB_t6_F10.jpg,20171009,PH000000124,F10,6
270,train,./images/PH000000124_LeicaMF_RGB_t0_F11.jpg,20171009,PH000000124,F11,0
271,train,./images/PH000000124_LeicaMF_RGB_t1_F11.jpg,20171009,PH000000124,F11,1
272,train,./images/PH000000124_LeicaMF_RGB_t2_F11.jpg,20171009,PH000000124,F11,2
273,train,./images/PH000000124_LeicaMF_RGB_t4_F11.jpg,20171009,PH000000124,F11,4
274,train,./images/PH000000124_LeicaMF_RGB_t6_F11.jpg,20171009,PH000000124,F11,6
275,train,./images/PH000000124_LeicaMF_RGB_t0_F12.jpg,20171009,PH000000124,F12,0
276,train,./images/PH000000124_LeicaMF_RGB_t1_F12.jpg,20171009,PH000000124,F12,1
277,train,./images/PH000000124_LeicaMF_RGB_t2_F12.jpg,20171009,PH000000124,F12,2
278,train,./images/PH000000124_LeicaMF_RGB_t4_F12.jpg,20171009,PH000000124,F12,4
279,train,./images/PH000000124_LeicaMF_RGB_t6_F12.jpg,20171009,PH000000124,F12,6
280,train,./images/PH000000124_LeicaMF_RGB_t0_G02.jpg,20171009,PH000000124,G02,0
281,train,./images/PH000000124_LeicaMF_RGB_t1_G02.jpg,20171009,PH000000124,G02,1
282,train,./images/PH000000124_LeicaMF_RGB_t2_G02.jpg,20171009,PH000000124,G02,2
283,train,./images/PH000000124_LeicaMF_RGB_t4_G02.jpg,20171009,PH000000124,G02,4
284,train,./images/PH000000124_LeicaMF_RGB_t6_G02.jpg,20171009,PH000000124,G02,6
285,train,./images/PH000000124_LeicaMF_RGB_t0_G03.jpg,20171009,PH000000124,G03,0
286,train,./images/PH000000124_LeicaMF_RGB_t1_G03.jpg,20171009,PH000000124,G03,1
287,train,./images/PH000000124_LeicaMF_RGB_t2_G03.jpg,20171009,PH000000124,G03,2
288,train,./images/PH000000124_LeicaMF_RGB_t4_G03.jpg,20171009,PH000000124,G03,4
289,train,./images/PH000000124_LeicaMF_RGB_t6_G03.jpg,20171009,PH000000124,G03,6
290,train,./images/PH000000124_LeicaMF_RGB_t0_G04.jpg,20171009,PH000000124,G04,0
291,train,./images/PH000000124_LeicaMF_RGB_t1_G04.jpg,20171009,PH000000124,G04,1
292,train,./images/PH000000124_LeicaMF_RGB_t2_G04.jpg,20171009,PH000000124,G04,2
293,train,./images/PH000000124_LeicaMF_RGB_t4_G04.jpg,20171009,PH000000124,G04,4
294,train,./images/PH000000124_LeicaMF_RGB_t6_G04.jpg,20171009,PH000000124,G04,6
295,train,./images/PH000000124_LeicaMF_RGB_t0_G06.jpg,20171009,PH000000124,G06,0
296,train,./images/PH000000124_LeicaMF_RGB_t1_G06.jpg,20171009,PH000000124,G06,1
297,train,./images/PH000000124_LeicaMF_RGB_t2_G06.jpg,20171009,PH000000124,G06,2
298,train,./images/PH000000124_LeicaMF_RGB_t4_G06.jpg,20171009,PH000000124,G06,4
299,train,./images/PH000000124_LeicaMF_RGB_t6_G06.jpg,20171009,PH000000124,G06,6
300,train,./images/PH000000124_LeicaMF_RGB_t0_G08.jpg,20171009,PH000000124,G08,0
301,train,./images/PH000000124_LeicaMF_RGB_t1_G08.jpg,20171009,PH000000124,G08,1
302,train,./images/PH000000124_LeicaMF_RGB_t2_G08.jpg,20171009,PH000000124,G08,2
303,train,./images/PH000000124_LeicaMF_RGB_t4_G08.jpg,20171009,PH000000124,G08,4
304,train,./images/PH000000124_LeicaMF_RGB_t6_G08.jpg,20171009,PH000000124,G08,6
305,train,./images/PH000000124_LeicaMF_RGB_t0_G09.jpg,20171009,PH000000124,G09,0
306,train,./images/PH000000124_LeicaMF_RGB_t1_G09.jpg,20171009,PH000000124,G09,1
307,train,./images/PH000000124_LeicaMF_RGB_t2_G09.jpg,20171009,PH000000124,G09,2
308,train,./images/PH000000124_LeicaMF_RGB_t4_G09.jpg,20171009,PH000000124,G09,4
309,train,./images/PH000000124_LeicaMF_RGB_t6_G09.jpg,20171009,PH000000124,G09,6
310,train,./images/PH000000124_LeicaMF_RGB_t0_G11.jpg,20171009,PH000000124,G11,0
311,train,./images/PH000000124_LeicaMF_RGB_t1_G11.jpg,20171009,PH000000124,G11,1
312,train,./images/PH000000124_LeicaMF_RGB_t2_G11.jpg,20171009,PH000000124,G11,2
313,train,./images/PH000000124_LeicaMF_RGB_t4_G11.jpg,20171009,PH000000124,G11,4
314,train,./images/PH000000124_LeicaMF_RGB_t6_G11.jpg,20171009,PH000000124,G11,6
315,train,./images/PH000000124_LeicaMF_RGB_t0_G12.jpg,20171009,PH000000124,G12,0
316,train,./images/PH000000124_LeicaMF_RGB_t1_G12.jpg,20171009,PH000000124,G12,1
317,train,./images/PH000000124_LeicaMF_RGB_t2_G12.jpg,20171009,PH000000124,G12,2
318,train,./images/PH000000124_LeicaMF_RGB_t4_G12.jpg,20171009,PH000000124,G12,4
319,train,./images/PH000000124_LeicaMF_RGB_t6_G12.jpg,20171009,PH000000124,G12,6
320,train,./images/PH000000124_LeicaMF_RGB_t0_H02.jpg,20171009,PH000000124,H02,0
321,train,./images/PH000000124_LeicaMF_RGB_t1_H02.jpg,20171009,PH000000124,H02,1
322,train,./images/PH000000124_LeicaMF_RGB_t2_H02.jpg,20171009,PH000000124,H02,2
323,train,./images/PH000000124_LeicaMF_RGB_t4_H02.jpg,20171009,PH000000124,H02,4
324,train,./images/PH000000124_LeicaMF_RGB_t6_H02.jpg,20171009,PH000000124,H02,6
325,train,./images/PH000000124_LeicaMF_RGB_t0_H04.jpg,20171009,PH000000124,H04,0
326,train,./images/PH000000124_LeicaMF_RGB_t1_H04.jpg,20171009,PH000000124,H04,1
327,train,./images/PH000000124_LeicaMF_RGB_t2_H04.jpg,20171009,PH000000124,H04,2
328,train,./images/PH000000124_LeicaMF_RGB_t4_H04.jpg,20171009,PH000000124,H04,4
329,train,./images/PH000000124_LeicaMF_RGB_t6_H04.jpg,20171009,PH000000124,H04,6
330,train,./images/PH000000124_LeicaMF_RGB_t0_H05.jpg,20171009,PH000000124,H05,0
331,train,./images/PH000000124_LeicaMF_RGB_t1_H05.jpg,20171009,PH000000124,H05,1
332,train,./images/PH000000124_LeicaMF_RGB_t2_H05.jpg,20171009,PH000000124,H05,2
333,train,./images/PH000000124_LeicaMF_RGB_t4_H05.jpg,20171009,PH000000124,H05,4
334,train,./images/PH000000124_LeicaMF_RGB_t6_H05.jpg,20171009,PH000000124,H05,6
335,train,./images/PH000000124_LeicaMF_RGB_t0_H06.jpg,20171009,PH000000124,H06,0
336,train,./images/PH000000124_LeicaMF_RGB_t1_H06.jpg,20171009,PH000000124,H06,1
337,train,./images/PH000000124_LeicaMF_RGB_t2_H06.jpg,20171009,PH000000124,H06,2
338,train,./images/PH000000124_LeicaMF_RGB_t4_H06.jpg,20171009,PH000000124,H06,4
339,train,./images/PH000000124_LeicaMF_RGB_t6_H06.jpg,20171009,PH000000124,H06,6
340,train,./images/PH000000124_LeicaMF_RGB_t0_H09.jpg,20171009,PH000000124,H09,0
341,train,./images/PH000000124_LeicaMF_RGB_t1_H09.jpg,20171009,PH000000124,H09,1
342,train,./images/PH000000124_LeicaMF_RGB_t2_H09.jpg,20171009,PH000000124,H09,2
343,train,./images/PH000000124_LeicaMF_RGB_t4_H09.jpg,20171009,PH000000124,H09,4
344,train,./images/PH000000124_LeicaMF_RGB_t6_H09.jpg,20171009,PH000000124,H09,6
345,train,./images/PH000000124_LeicaMF_RGB_t0_H12.jpg,20171009,PH000000124,H12,0
346,train,./images/PH000000124_LeicaMF_RGB_t1_H12.jpg,20171009,PH000000124,H12,1
347,train,./images/PH000000124_LeicaMF_RGB_t2_H12.jpg,20171009,PH000000124,H12,2
348,train,./images/PH000000124_LeicaMF_RGB_t4_H12.jpg,20171009,PH000000124,H12,4
349,train,./images/PH000000124_LeicaMF_RGB_t6_H12.jpg,20171009,PH000000124,H12,6
350,train,./images/PH000000125_LeicaMF_RGB_t0_A03.jpg,20171009,PH000000125,A03,0
351,train,./images/PH000000125_LeicaMF_RGB_t1_A03.jpg,20171009,PH000000125,A03,1
352,train,./images/PH000000125_LeicaMF_RGB_t2_A03.jpg,20171009,PH000000125,A03,2
353,train,./images/PH000000125_LeicaMF_RGB_t4_A03.jpg,20171009,PH000000125,A03,4
354,train,./images/PH000000125_LeicaMF_RGB_t6_A03.jpg,20171009,PH000000125,A03,6
355,train,./images/PH000000125_LeicaMF_RGB_t0_A06.jpg,20171009,PH000000125,A06,0
356,train,./images/PH000000125_LeicaMF_RGB_t1_A06.jpg,20171009,PH000000125,A06,1
357,train,./images/PH000000125_LeicaMF_RGB_t2_A06.jpg,20171009,PH000000125,A06,2
358,train,./images/PH000000125_LeicaMF_RGB_t4_A06.jpg,20171009,PH000000125,A06,4
359,train,./images/PH000000125_LeicaMF_RGB_t6_A06.jpg,20171009,PH000000125,A06,6
360,train,./images/PH000000125_LeicaMF_RGB_t0_A07.jpg,20171009,PH000000125,A07,0
361,train,./images/PH000000125_LeicaMF_RGB_t1_A07.jpg,20171009,PH000000125,A07,1
362,train,./images/PH000000125_LeicaMF_RGB_t2_A07.jpg,20171009,PH000000125,A07,2
363,train,./images/PH000000125_LeicaMF_RGB_t4_A07.jpg,20171009,PH000000125,A07,4
364,train,./images/PH000000125_LeicaMF_RGB_t6_A07.jpg,20171009,PH000000125,A07,6
365,train,./images/PH000000125_LeicaMF_RGB_t0_A08.jpg,20171009,PH000000125,A08,0
366,train,./images/PH000000125_LeicaMF_RGB_t1_A08.jpg,20171009,PH000000125,A08,1
367,train,./images/PH000000125_LeicaMF_RGB_t2_A08.jpg,20171009,PH000000125,A08,2
368,train,./images/PH000000125_LeicaMF_RGB_t4_A08.jpg,20171009,PH000000125,A08,4
369,train,./images/PH000000125_LeicaMF_RGB_t6_A08.jpg,20171009,PH000000125,A08,6
370,train,./images/PH000000125_LeicaMF_RGB_t0_A10.jpg,20171009,PH000000125,A10,0
371,train,./images/PH000000125_LeicaMF_RGB_t1_A10.jpg,20171009,PH000000125,A10,1
372,train,./images/PH000000125_LeicaMF_RGB_t2_A10.jpg,20171009,PH000000125,A10,2
373,train,./images/PH000000125_LeicaMF_RGB_t4_A10.jpg,20171009,PH000000125,A10,4
374,train,./images/PH000000125_LeicaMF_RGB_t6_A10.jpg,20171009,PH000000125,A10,6
375,train,./images/PH000000125_LeicaMF_RGB_t0_A11.jpg,20171009,PH000000125,A11,0
376,train,./images/PH000000125_LeicaMF_RGB_t1_A11.jpg,20171009,PH000000125,A11,1
377,train,./images/PH000000125_LeicaMF_RGB_t2_A11.jpg,20171009,PH000000125,A11,2
378,train,./images/PH000000125_LeicaMF_RGB_t4_A11.jpg,20171009,PH000000125,A11,4
379,train,./images/PH000000125_LeicaMF_RGB_t6_A11.jpg,20171009,PH000000125,A11,6
380,train,./images/PH000000125_LeicaMF_RGB_t0_A12.jpg,20171009,PH000000125,A12,0
381,train,./images/PH000000125_LeicaMF_RGB_t1_A12.jpg,20171009,PH000000125,A12,1
382,train,./images/PH000000125_LeicaMF_RGB_t2_A12.jpg,20171009,PH000000125,A12,2
383,train,./images/PH000000125_LeicaMF_RGB_t4_A12.jpg,20171009,PH000000125,A12,4
384,train,./images/PH000000125_LeicaMF_RGB_t6_A12.jpg,20171009,PH000000125,A12,6
385,train,./images/PH000000125_LeicaMF_RGB_t0_B03.jpg,20171009,PH000000125,B03,0
386,train,./images/PH000000125_LeicaMF_RGB_t1_B03.jpg,20171009,PH000000125,B03,1
387,train,./images/PH000000125_LeicaMF_RGB_t2_B03.jpg,20171009,PH000000125,B03,2
388,train,./images/PH000000125_LeicaMF_RGB_t4_B03.jpg,20171009,PH000000125,B03,4
389,train,./images/PH000000125_LeicaMF_RGB_t6_B03.jpg,20171009,PH000000125,B03,6
390,train,./images/PH000000125_LeicaMF_RGB_t0_B04.jpg,20171009,PH000000125,B04,0
391,train,./images/PH000000125_LeicaMF_RGB_t1_B04.jpg,20171009,PH000000125,B04,1
392,train,./images/PH000000125_LeicaMF_RGB_t2_B04.jpg,20171009,PH000000125,B04,2
393,train,./images/PH000000125_LeicaMF_RGB_t4_B04.jpg,20171009,PH000000125,B04,4
394,train,./images/PH000000125_LeicaMF_RGB_t6_B04.jpg,20171009,PH000000125,B04,6
395,train,./images/PH000000125_LeicaMF_RGB_t0_B05.jpg,20171009,PH000000125,B05,0
396,train,./images/PH000000125_LeicaMF_RGB_t1_B05.jpg,20171009,PH000000125,B05,1
397,train,./images/PH000000125_LeicaMF_RGB_t2_B05.jpg,20171009,PH000000125,B05,2
398,train,./images/PH000000125_LeicaMF_RGB_t4_B05.jpg,20171009,PH000000125,B05,4
399,train,./images/PH000000125_LeicaMF_RGB_t6_B05.jpg,20171009,PH000000125,B05,6
400,train,./images/PH000000125_LeicaMF_RGB_t0_B06.jpg,20171009,PH000000125,B06,0
401,train,./images/PH000000125_LeicaMF_RGB_t1_B06.jpg,20171009,PH000000125,B06,1
402,train,./images/PH000000125_LeicaMF_RGB_t2_B06.jpg,20171009,PH000000125,B06,2
403,train,./images/PH000000125_LeicaMF_RGB_t4_B06.jpg,20171009,PH000000125,B06,4
404,train,./images/PH000000125_LeicaMF_RGB_t6_B06.jpg,20171009,PH000000125,B06,6
405,train,./images/PH000000125_LeicaMF_RGB_t0_B07.jpg,20171009,PH000000125,B07,0
406,train,./images/PH000000125_LeicaMF_RGB_t1_B07.jpg,20171009,PH000000125,B07,1
407,train,./images/PH000000125_LeicaMF_RGB_t2_B07.jpg,20171009,PH000000125,B07,2
408,train,./images/PH000000125_LeicaMF_RGB_t4_B07.jpg,20171009,PH000000125,B07,4
409,train,./images/PH000000125_LeicaMF_RGB_t6_B07.jpg,20171009,PH000000125,B07,6
410,train,./images/PH000000125_LeicaMF_RGB_t0_B08.jpg,20171009,PH000000125,B08,0
411,train,./images/PH000000125_LeicaMF_RGB_t1_B08.jpg,20171009,PH000000125,B08,1
412,train,./images/PH000000125_LeicaMF_RGB_t2_B08.jpg,20171009,PH000000125,B08,2
413,train,./images/PH000000125_LeicaMF_RGB_t4_B08.jpg,20171009,PH000000125,B08,4
414,train,./images/PH000000125_LeicaMF_RGB_t6_B08.jpg,20171009,PH000000125,B08,6
415,train,./images/PH000000125_LeicaMF_RGB_t0_B09.jpg,20171009,PH000000125,B09,0
416,train,./images/PH000000125_LeicaMF_RGB_t1_B09.jpg,20171009,PH000000125,B09,1
417,train,./images/PH000000125_LeicaMF_RGB_t2_B09.jpg,20171009,PH000000125,B09,2
418,train,./images/PH000000125_LeicaMF_RGB_t4_B09.jpg,20171009,PH000000125,B09,4
419,train,./images/PH000000125_LeicaMF_RGB_t6_B09.jpg,20171009,PH000000125,B09,6
420,train,./images/PH000000125_LeicaMF_RGB_t0_B10.jpg,20171009,PH000000125,B10,0
421,train,./images/PH000000125_LeicaMF_RGB_t1_B10.jpg,20171009,PH000000125,B10,1
422,train,./images/PH000000125_LeicaMF_RGB_t2_B10.jpg,20171009,PH000000125,B10,2
423,train,./images/PH000000125_LeicaMF_RGB_t4_B10.jpg,20171009,PH000000125,B10,4
424,train,./images/PH000000125_LeicaMF_RGB_t6_B10.jpg,20171009,PH000000125,B10,6
425,train,./images/PH000000125_LeicaMF_RGB_t0_B11.jpg,20171009,PH000000125,B11,0
426,train,./images/PH000000125_LeicaMF_RGB_t1_B11.jpg,20171009,PH000000125,B11,1
427,train,./images/PH000000125_LeicaMF_RGB_t2_B11.jpg,20171009,PH000000125,B11,2
428,train,./images/PH000000125_LeicaMF_RGB_t4_B11.jpg,20171009,PH000000125,B11,4
429,train,./images/PH000000125_LeicaMF_RGB_t6_B11.jpg,20171009,PH000000125,B11,6
430,train,./images/PH000000125_LeicaMF_RGB_t0_B12.jpg,20171009,PH000000125,B12,0
431,train,./images/PH000000125_LeicaMF_RGB_t1_B12.jpg,20171009,PH000000125,B12,1
432,train,./images/PH000000125_LeicaMF_RGB_t2_B12.jpg,20171009,PH000000125,B12,2
433,train,./images/PH000000125_LeicaMF_RGB_t4_B12.jpg,20171009,PH000000125,B12,4
434,train,./images/PH000000125_LeicaMF_RGB_t6_B12.jpg,20171009,PH000000125,B12,6
435,train,./images/PH000000125_LeicaMF_RGB_t0_C02.jpg,20171009,PH000000125,C02,0
436,train,./images/PH000000125_LeicaMF_RGB_t1_C02.jpg,20171009,PH000000125,C02,1
437,train,./images/PH000000125_LeicaMF_RGB_t2_C02.jpg,20171009,PH000000125,C02,2
438,train,./images/PH000000125_LeicaMF_RGB_t4_C02.jpg,20171009,PH000000125,C02,4
439,train,./images/PH000000125_LeicaMF_RGB_t6_C02.jpg,20171009,PH000000125,C02,6
440,train,./images/PH000000125_LeicaMF_RGB_t0_C04.jpg,20171009,PH000000125,C04,0
441,train,./images/PH000000125_LeicaMF_RGB_t1_C04.jpg,20171009,PH000000125,C04,1
442,train,./images/PH000000125_LeicaMF_RGB_t2_C04.jpg,20171009,PH000000125,C04,2
443,train,./images/PH000000125_LeicaMF_RGB_t4_C04.jpg,20171009,PH000000125,C04,4
444,train,./images/PH000000125_LeicaMF_RGB_t6_C04.jpg,20171009,PH000000125,C04,6
445,train,./images/PH000000125_LeicaMF_RGB_t0_C05.jpg,20171009,PH000000125,C05,0
446,train,./images/PH000000125_LeicaMF_RGB_t1_C05.jpg,20171009,PH000000125,C05,1
447,train,./images/PH000000125_LeicaMF_RGB_t2_C05.jpg,20171009,PH000000125,C05,2
448,train,./images/PH000000125_LeicaMF_RGB_t4_C05.jpg,20171009,PH000000125,C05,4
449,train,./images/PH000000125_LeicaMF_RGB_t6_C05.jpg,20171009,PH000000125,C05,6
450,train,./images/PH000000125_LeicaMF_RGB_t0_C07.jpg,20171009,PH000000125,C07,0
451,train,./images/PH000000125_LeicaMF_RGB_t1_C07.jpg,20171009,PH000000125,C07,1
452,train,./images/PH000000125_LeicaMF_RGB_t2_C07.jpg,20171009,PH000000125,C07,2
453,train,./images/PH000000125_LeicaMF_RGB_t4_C07.jpg,20171009,PH000000125,C07,4
454,train,./images/PH000000125_LeicaMF_RGB_t6_C07.jpg,20171009,PH000000125,C07,6
455,train,./images/PH000000125_LeicaMF_RGB_t0_C08.jpg,20171009,PH000000125,C08,0
456,train,./images/PH000000125_LeicaMF_RGB_t1_C08.jpg,20171009,PH000000125,C08,1
457,train,./images/PH000000125_LeicaMF_RGB_t2_C08.jpg,20171009,PH000000125,C08,2
458,train,./images/PH000000125_LeicaMF_RGB_t4_C08.jpg,20171009,PH000000125,C08,4
459,train,./images/PH000000125_LeicaMF_RGB_t6_C08.jpg,20171009,PH000000125,C08,6
460,train,./images/PH000000125_LeicaMF_RGB_t0_C09.jpg,20171009,PH000000125,C09,0
461,train,./images/PH000000125_LeicaMF_RGB_t1_C09.jpg,20171009,PH000000125,C09,1
462,train,./images/PH000000125_LeicaMF_RGB_t2_C09.jpg,20171009,PH000000125,C09,2
463,train,./images/PH000000125_LeicaMF_RGB_t4_C09.jpg,20171009,PH000000125,C09,4
464,train,./images/PH000000125_LeicaMF_RGB_t6_C09.jpg,20171009,PH000000125,C09,6
465,train,./images/PH000000125_LeicaMF_RGB_t0_C10.jpg,20171009,PH000000125,C10,0
466,train,./images/PH000000125_LeicaMF_RGB_t1_C10.jpg,20171009,PH000000125,C10,1
467,train,./images/PH000000125_LeicaMF_RGB_t2_C10.jpg,20171009,PH000000125,C10,2
468,train,./images/PH000000125_LeicaMF_RGB_t4_C10.jpg,20171009,PH000000125,C10,4
469,train,./images/PH000000125_LeicaMF_RGB_t6_C10.jpg,20171009,PH000000125,C10,6
470,train,./images/PH000000125_LeicaMF_RGB_t0_C11.jpg,20171009,PH000000125,C11,0
471,train,./images/PH000000125_LeicaMF_RGB_t1_C11.jpg,20171009,PH000000125,C11,1
472,train,./images/PH000000125_LeicaMF_RGB_t2_C11.jpg,20171009,PH000000125,C11,2
473,train,./images/PH000000125_LeicaMF_RGB_t4_C11.jpg,20171009,PH000000125,C11,4
474,train,./images/PH000000125_LeicaMF_RGB_t6_C11.jpg,20171009,PH000000125,C11,6
475,train,./images/PH000000125_LeicaMF_RGB_t0_C12.jpg,20171009,PH000000125,C12,0
476,train,./images/PH000000125_LeicaMF_RGB_t1_C12.jpg,20171009,PH000000125,C12,1
477,train,./images/PH000000125_LeicaMF_RGB_t2_C12.jpg,20171009,PH000000125,C12,2
478,train,./images/PH000000125_LeicaMF_RGB_t4_C12.jpg,20171009,PH000000125,C12,4
479,train,./images/PH000000125_LeicaMF_RGB_t6_C12.jpg,20171009,PH000000125,C12,6
480,train,./images/PH000000125_LeicaMF_RGB_t0_D02.jpg,20171009,PH000000125,D02,0
481,train,./images/PH000000125_LeicaMF_RGB_t1_D02.jpg,20171009,PH000000125,D02,1
482,train,./images/PH000000125_LeicaMF_RGB_t2_D02.jpg,20171009,PH000000125,D02,2
483,train,./images/PH000000125_LeicaMF_RGB_t4_D02.jpg,20171009,PH000000125,D02,4
484,train,./images/PH000000125_LeicaMF_RGB_t6_D02.jpg,20171009,PH000000125,D02,6
485,train,./images/PH000000125_LeicaMF_RGB_t0_D03.jpg,20171009,PH000000125,D03,0
486,train,./images/PH000000125_LeicaMF_RGB_t1_D03.jpg,20171009,PH000000125,D03,1
487,train,./images/PH000000125_LeicaMF_RGB_t2_D03.jpg,20171009,PH000000125,D03,2
488,train,./images/PH000000125_LeicaMF_RGB_t4_D03.jpg,20171009,PH000000125,D03,4
489,train,./images/PH000000125_LeicaMF_RGB_t6_D03.jpg,20171009,PH000000125,D03,6
490,train,./images/PH000000125_LeicaMF_RGB_t0_D04.jpg,20171009,PH000000125,D04,0
491,train,./images/PH000000125_LeicaMF_RGB_t1_D04.jpg,20171009,PH000000125,D04,1
492,train,./images/PH000000125_LeicaMF_RGB_t2_D04.jpg,20171009,PH000000125,D04,2
493,train,./images/PH000000125_LeicaMF_RGB_t4_D04.jpg,20171009,PH000000125,D04,4
494,train,./images/PH000000125_LeicaMF_RGB_t6_D04.jpg,20171009,PH000000125,D04,6
495,train,./images/PH000000125_LeicaMF_RGB_t0_D05.jpg,20171009,PH000000125,D05,0
496,train,./images/PH000000125_LeicaMF_RGB_t1_D05.jpg,20171009,PH000000125,D05,1
497,train,./images/PH000000125_LeicaMF_RGB_t2_D05.jpg,20171009,PH000000125,D05,2
498,train,./images/PH000000125_LeicaMF_RGB_t4_D05.jpg,20171009,PH000000125,D05,4
499,train,./images/PH000000125_LeicaMF_RGB_t6_D05.jpg,20171009,PH000000125,D05,6
500,val,./images/PH000000124_LeicaMF_RGB_t0_A08.jpg,20171009,PH000000124,A08,0
501,val,./images/PH000000124_LeicaMF_RGB_t1_A08.jpg,20171009,PH000000124,A08,1
502,val,./images/PH000000124_LeicaMF_RGB_t2_A08.jpg,20171009,PH000000124,A08,2
503,val,./images/PH000000124_LeicaMF_RGB_t4_A08.jpg,20171009,PH000000124,A08,4
504,val,./images/PH000000124_LeicaMF_RGB_t6_A08.jpg,20171009,PH000000124,A08,6
505,val,./images/PH000000124_LeicaMF_RGB_t0_B04.jpg,20171009,PH000000124,B04,0
506,val,./images/PH000000124_LeicaMF_RGB_t1_B04.jpg,20171009,PH000000124,B04,1
507,val,./images/PH000000124_LeicaMF_RGB_t2_B04.jpg,20171009,PH000000124,B04,2
508,val,./images/PH000000124_LeicaMF_RGB_t4_B04.jpg,20171009,PH000000124,B04,4
509,val,./images/PH000000124_LeicaMF_RGB_t6_B04.jpg,20171009,PH000000124,B04,6
510,val,./images/PH000000124_LeicaMF_RGB_t0_B07.jpg,20171009,PH000000124,B07,0
511,val,./images/PH000000124_LeicaMF_RGB_t1_B07.jpg,20171009,PH000000124,B07,1
512,val,./images/PH000000124_LeicaMF_RGB_t2_B07.jpg,20171009,PH000000124,B07,2
513,val,./images/PH000000124_LeicaMF_RGB_t4_B07.jpg,20171009,PH000000124,B07,4
514,val,./images/PH000000124_LeicaMF_RGB_t6_B07.jpg,20171009,PH000000124,B07,6
515,val,./images/PH000000124_LeicaMF_RGB_t0_B10.jpg,20171009,PH000000124,B10,0
516,val,./images/PH000000124_LeicaMF_RGB_t1_B10.jpg,20171009,PH000000124,B10,1
517,val,./images/PH000000124_LeicaMF_RGB_t2_B10.jpg,20171009,PH000000124,B10,2
518,val,./images/PH000000124_LeicaMF_RGB_t4_B10.jpg,20171009,PH000000124,B10,4
519,val,./images/PH000000124_LeicaMF_RGB_t6_B10.jpg,20171009,PH000000124,B10,6
520,val,./images/PH000000124_LeicaMF_RGB_t0_B11.jpg,20171009,PH000000124,B11,0
521,val,./images/PH000000124_LeicaMF_RGB_t1_B11.jpg,20171009,PH000000124,B11,1
522,val,./images/PH000000124_LeicaMF_RGB_t2_B11.jpg,20171009,PH000000124,B11,2
523,val,./images/PH000000124_LeicaMF_RGB_t4_B11.jpg,20171009,PH000000124,B11,4
524,val,./images/PH000000124_LeicaMF_RGB_t6_B11.jpg,20171009,PH000000124,B11,6
525,val,./images/PH000000124_LeicaMF_RGB_t0_B12.jpg,20171009,PH000000124,B12,0
526,val,./images/PH000000124_LeicaMF_RGB_t1_B12.jpg,20171009,PH000000124,B12,1
527,val,./images/PH000000124_LeicaMF_RGB_t2_B12.jpg,20171009,PH000000124,B12,2
528,val,./images/PH000000124_LeicaMF_RGB_t4_B12.jpg,20171009,PH000000124,B12,4
529,val,./images/PH000000124_LeicaMF_RGB_t6_B12.jpg,20171009,PH000000124,B12,6
530,val,./images/PH000000124_LeicaMF_RGB_t0_C05.jpg,20171009,PH000000124,C05,0
531,val,./images/PH000000124_LeicaMF_RGB_t1_C05.jpg,20171009,PH000000124,C05,1
532,val,./images/PH000000124_LeicaMF_RGB_t2_C05.jpg,20171009,PH000000124,C05,2
533,val,./images/PH000000124_LeicaMF_RGB_t4_C05.jpg,20171009,PH000000124,C05,4
534,val,./images/PH000000124_LeicaMF_RGB_t6_C05.jpg,20171009,PH000000124,C05,6
535,val,./images/PH000000124_LeicaMF_RGB_t0_C11.jpg,20171009,PH000000124,C11,0
536,val,./images/PH000000124_LeicaMF_RGB_t1_C11.jpg,20171009,PH000000124,C11,1
537,val,./images/PH000000124_LeicaMF_RGB_t2_C11.jpg,20171009,PH000000124,C11,2
538,val,./images/PH000000124_LeicaMF_RGB_t4_C11.jpg,20171009,PH000000124,C11,4
539,val,./images/PH000000124_LeicaMF_RGB_t6_C11.jpg,20171009,PH000000124,C11,6
540,val,./images/PH000000124_LeicaMF_RGB_t0_D04.jpg,20171009,PH000000124,D04,0
541,val,./images/PH000000124_LeicaMF_RGB_t1_D04.jpg,20171009,PH000000124,D04,1
542,val,./images/PH000000124_LeicaMF_RGB_t2_D04.jpg,20171009,PH000000124,D04,2
543,val,./images/PH000000124_LeicaMF_RGB_t4_D04.jpg,20171009,PH000000124,D04,4
544,val,./images/PH000000124_LeicaMF_RGB_t6_D04.jpg,20171009,PH000000124,D04,6
545,val,./images/PH000000124_LeicaMF_RGB_t0_D06.jpg,20171009,PH000000124,D06,0
546,val,./images/PH000000124_LeicaMF_RGB_t1_D06.jpg,20171009,PH000000124,D06,1
547,val,./images/PH000000124_LeicaMF_RGB_t2_D06.jpg,20171009,PH000000124,D06,2
548,val,./images/PH000000124_LeicaMF_RGB_t4_D06.jpg,20171009,PH000000124,D06,4
549,val,./images/PH000000124_LeicaMF_RGB_t6_D06.jpg,20171009,PH000000124,D06,6
550,val,./images/PH000000124_LeicaMF_RGB_t0_G05.jpg,20171009,PH000000124,G05,0
551,val,./images/PH000000124_LeicaMF_RGB_t1_G05.jpg,20171009,PH000000124,G05,1
552,val,./images/PH000000124_LeicaMF_RGB_t2_G05.jpg,20171009,PH000000124,G05,2
553,val,./images/PH000000124_LeicaMF_RGB_t4_G05.jpg,20171009,PH000000124,G05,4
554,val,./images/PH000000124_LeicaMF_RGB_t6_G05.jpg,20171009,PH000000124,G05,6
555,val,./images/PH000000124_LeicaMF_RGB_t0_G07.jpg,20171009,PH000000124,G07,0
556,val,./images/PH000000124_LeicaMF_RGB_t1_G07.jpg,20171009,PH000000124,G07,1
557,val,./images/PH000000124_LeicaMF_RGB_t2_G07.jpg,20171009,PH000000124,G07,2
558,val,./images/PH000000124_LeicaMF_RGB_t4_G07.jpg,20171009,PH000000124,G07,4
559,val,./images/PH000000124_LeicaMF_RGB_t6_G07.jpg,20171009,PH000000124,G07,6
560,val,./images/PH000000124_LeicaMF_RGB_t0_G10.jpg,20171009,PH000000124,G10,0
561,val,./images/PH000000124_LeicaMF_RGB_t1_G10.jpg,20171009,PH000000124,G10,1
562,val,./images/PH000000124_LeicaMF_RGB_t2_G10.jpg,20171009,PH000000124,G10,2
563,val,./images/PH000000124_LeicaMF_RGB_t4_G10.jpg,20171009,PH000000124,G10,4
564,val,./images/PH000000124_LeicaMF_RGB_t6_G10.jpg,20171009,PH000000124,G10,6
565,val,./images/PH000000124_LeicaMF_RGB_t0_H03.jpg,20171009,PH000000124,H03,0
566,val,./images/PH000000124_LeicaMF_RGB_t1_H03.jpg,20171009,PH000000124,H03,1
567,val,./images/PH000000124_LeicaMF_RGB_t2_H03.jpg,20171009,PH000000124,H03,2
568,val,./images/PH000000124_LeicaMF_RGB_t4_H03.jpg,20171009,PH000000124,H03,4
569,val,./images/PH000000124_LeicaMF_RGB_t6_H03.jpg,20171009,PH000000124,H03,6
570,val,./images/PH000000124_LeicaMF_RGB_t0_H07.jpg,20171009,PH000000124,H07,0
571,val,./images/PH000000124_LeicaMF_RGB_t1_H07.jpg,20171009,PH000000124,H07,1
572,val,./images/PH000000124_LeicaMF_RGB_t2_H07.jpg,20171009,PH000000124,H07,2
573,val,./images/PH000000124_LeicaMF_RGB_t4_H07.jpg,20171009,PH000000124,H07,4
574,val,./images/PH000000124_LeicaMF_RGB_t6_H07.jpg,20171009,PH000000124,H07,6
575,val,./images/PH000000124_LeicaMF_RGB_t0_H08.jpg,20171009,PH000000124,H08,0
576,val,./images/PH000000124_LeicaMF_RGB_t1_H08.jpg,20171009,PH000000124,H08,1
577,val,./images/PH000000124_LeicaMF_RGB_t2_H08.jpg,20171009,PH000000124,H08,2
578,val,./images/PH000000124_LeicaMF_RGB_t4_H08.jpg,20171009,PH000000124,H08,4
579,val,./images/PH000000124_LeicaMF_RGB_t6_H08.jpg,20171009,PH000000124,H08,6
580,val,./images/PH000000124_LeicaMF_RGB_t0_H10.jpg,20171009,PH000000124,H10,0
581,val,./images/PH000000124_LeicaMF_RGB_t1_H10.jpg,20171009,PH000000124,H10,1
582,val,./images/PH000000124_LeicaMF_RGB_t2_H10.jpg,20171009,PH000000124,H10,2
583,val,./images/PH000000124_LeicaMF_RGB_t4_H10.jpg,20171009,PH000000124,H10,4
584,val,./images/PH000000124_LeicaMF_RGB_t6_H10.jpg,20171009,PH000000124,H10,6
585,val,./images/PH000000124_LeicaMF_RGB_t0_H11.jpg,20171009,PH000000124,H11,0
586,val,./images/PH000000124_LeicaMF_RGB_t1_H11.jpg,20171009,PH000000124,H11,1
587,val,./images/PH000000124_LeicaMF_RGB_t2_H11.jpg,20171009,PH000000124,H11,2
588,val,./images/PH000000124_LeicaMF_RGB_t4_H11.jpg,20171009,PH000000124,H11,4
589,val,./images/PH000000124_LeicaMF_RGB_t6_H11.jpg,20171009,PH000000124,H11,6
590,val,./images/PH000000125_LeicaMF_RGB_t0_A02.jpg,20171009,PH000000125,A02,0
591,val,./images/PH000000125_LeicaMF_RGB_t1_A02.jpg,20171009,PH000000125,A02,1
592,val,./images/PH000000125_LeicaMF_RGB_t2_A02.jpg,20171009,PH000000125,A02,2
593,val,./images/PH000000125_LeicaMF_RGB_t4_A02.jpg,20171009,PH000000125,A02,4
594,val,./images/PH000000125_LeicaMF_RGB_t6_A02.jpg,20171009,PH000000125,A02,6
595,val,./images/PH000000125_LeicaMF_RGB_t0_A04.jpg,20171009,PH000000125,A04,0
596,val,./images/PH000000125_LeicaMF_RGB_t1_A04.jpg,20171009,PH000000125,A04,1
597,val,./images/PH000000125_LeicaMF_RGB_t2_A04.jpg,20171009,PH000000125,A04,2
598,val,./images/PH000000125_LeicaMF_RGB_t4_A04.jpg,20171009,PH000000125,A04,4
599,val,./images/PH000000125_LeicaMF_RGB_t6_A04.jpg,20171009,PH000000125,A04,6
600,val,./images/PH000000125_LeicaMF_RGB_t0_A05.jpg,20171009,PH000000125,A05,0
601,val,./images/PH000000125_LeicaMF_RGB_t1_A05.jpg,20171009,PH000000125,A05,1
602,val,./images/PH000000125_LeicaMF_RGB_t2_A05.jpg,20171009,PH000000125,A05,2
603,val,./images/PH000000125_LeicaMF_RGB_t4_A05.jpg,20171009,PH000000125,A05,4
604,val,./images/PH000000125_LeicaMF_RGB_t6_A05.jpg,20171009,PH000000125,A05,6
605,val,./images/PH000000125_LeicaMF_RGB_t0_A09.jpg,20171009,PH000000125,A09,0
606,val,./images/PH000000125_LeicaMF_RGB_t1_A09.jpg,20171009,PH000000125,A09,1
607,val,./images/PH000000125_LeicaMF_RGB_t2_A09.jpg,20171009,PH000000125,A09,2
608,val,./images/PH000000125_LeicaMF_RGB_t4_A09.jpg,20171009,PH000000125,A09,4
609,val,./images/PH000000125_LeicaMF_RGB_t6_A09.jpg,20171009,PH000000125,A09,6
610,val,./images/PH000000125_LeicaMF_RGB_t0_B02.jpg,20171009,PH000000125,B02,0
611,val,./images/PH000000125_LeicaMF_RGB_t1_B02.jpg,20171009,PH000000125,B02,1
612,val,./images/PH000000125_LeicaMF_RGB_t2_B02.jpg,20171009,PH000000125,B02,2
613,val,./images/PH000000125_LeicaMF_RGB_t4_B02.jpg,20171009,PH000000125,B02,4
614,val,./images/PH000000125_LeicaMF_RGB_t6_B02.jpg,20171009,PH000000125,B02,6
615,val,./images/PH000000125_LeicaMF_RGB_t0_C03.jpg,20171009,PH000000125,C03,0
616,val,./images/PH000000125_LeicaMF_RGB_t1_C03.jpg,20171009,PH000000125,C03,1
617,val,./images/PH000000125_LeicaMF_RGB_t2_C03.jpg,20171009,PH000000125,C03,2
618,val,./images/PH000000125_LeicaMF_RGB_t4_C03.jpg,20171009,PH000000125,C03,4
619,val,./images/PH000000125_LeicaMF_RGB_t6_C03.jpg,20171009,PH000000125,C03,6
620,val,./images/PH000000125_LeicaMF_RGB_t0_C06.jpg,20171009,PH000000125,C06,0
621,val,./images/PH000000125_LeicaMF_RGB_t1_C06.jpg,20171009,PH000000125,C06,1
622,val,./images/PH000000125_LeicaMF_RGB_t2_C06.jpg,20171009,PH000000125,C06,2
623,val,./images/PH000000125_LeicaMF_RGB_t4_C06.jpg,20171009,PH000000125,C06,4
624,val,./images/PH000000125_LeicaMF_RGB_t6_C06.jpg,20171009,PH000000125,C06,6
625,ctrl,./images/PH000000124_LeicaMF_RGB_t0_A01.jpg,20171009,PH000000124,A01,0
626,ctrl,./images/PH000000124_LeicaMF_RGB_t1_A01.jpg,20171009,PH000000124,A01,1
627,ctrl,./images/PH000000124_LeicaMF_RGB_t2_A01.jpg,20171009,PH000000124,A01,2
628,ctrl,./images/PH000000124_LeicaMF_RGB_t4_A01.jpg,20171009,PH000000124,A01,4
629,ctrl,./images/PH000000124_LeicaMF_RGB_t6_A01.jpg,20171009,PH000000124,A01,6
630,ctrl,./images/PH000000124_LeicaMF_RGB_t0_B01.jpg,20171009,PH000000124,B01,0
631,ctrl,./images/PH000000124_LeicaMF_RGB_t1_B01.jpg,20171009,PH000000124,B01,1
632,ctrl,./images/PH000000124_LeicaMF_RGB_t2_B01.jpg,20171009,PH000000124,B01,2
633,ctrl,./images/PH000000124_LeicaMF_RGB_t4_B01.jpg,20171009,PH000000124,B01,4
634,ctrl,./images/PH000000124_LeicaMF_RGB_t6_B01.jpg,20171009,PH000000124,B01,6
635,ctrl,./images/PH000000124_LeicaMF_RGB_t0_C01.jpg,20171009,PH000000124,C01,0
636,ctrl,./images/PH000000124_LeicaMF_RGB_t1_C01.jpg,20171009,PH000000124,C01,1
637,ctrl,./images/PH000000124_LeicaMF_RGB_t2_C01.jpg,20171009,PH000000124,C01,2
638,ctrl,./images/PH000000124_LeicaMF_RGB_t4_C01.jpg,20171009,PH000000124,C01,4
639,ctrl,./images/PH000000124_LeicaMF_RGB_t6_C01.jpg,20171009,PH000000124,C01,6
640,ctrl,./images/PH000000124_LeicaMF_RGB_t0_D01.jpg,20171009,PH000000124,D01,0
641,ctrl,./images/PH000000124_LeicaMF_RGB_t1_D01.jpg,20171009,PH000000124,D01,1
642,ctrl,./images/PH000000124_LeicaMF_RGB_t2_D01.jpg,20171009,PH000000124,D01,2
643,ctrl,./images/PH000000124_LeicaMF_RGB_t4_D01.jpg,20171009,PH000000124,D01,4
644,ctrl,./images/PH000000124_LeicaMF_RGB_t6_D01.jpg,20171009,PH000000124,D01,6
645,ctrl,./images/PH000000124_LeicaMF_RGB_t0_E01.jpg,20171009,PH000000124,E01,0
646,ctrl,./images/PH000000124_LeicaMF_RGB_t1_E01.jpg,20171009,PH000000124,E01,1
647,ctrl,./images/PH000000124_LeicaMF_RGB_t2_E01.jpg,20171009,PH000000124,E01,2
648,ctrl,./images/PH000000124_LeicaMF_RGB_t4_E01.jpg,20171009,PH000000124,E01,4
649,ctrl,./images/PH000000124_LeicaMF_RGB_t6_E01.jpg,20171009,PH000000124,E01,6
650,ctrl,./images/PH000000124_LeicaMF_RGB_t0_F01.jpg,20171009,PH000000124,F01,0
651,ctrl,./images/PH000000124_LeicaMF_RGB_t1_F01.jpg,20171009,PH000000124,F01,1
652,ctrl,./images/PH000000124_LeicaMF_RGB_t2_F01.jpg,20171009,PH000000124,F01,2
653,ctrl,./images/PH000000124_LeicaMF_RGB_t4_F01.jpg,20171009,PH000000124,F01,4
654,ctrl,./images/PH000000124_LeicaMF_RGB_t6_F01.jpg,20171009,PH000000124,F01,6
655,ctrl,./images/PH000000124_LeicaMF_RGB_t0_G01.jpg,20171009,PH000000124,G01,0
656,ctrl,./images/PH000000124_LeicaMF_RGB_t1_G01.jpg,20171009,PH000000124,G01,1
657,ctrl,./images/PH000000124_LeicaMF_RGB_t2_G01.jpg,20171009,PH000000124,G01,2
658,ctrl,./images/PH000000124_LeicaMF_RGB_t4_G01.jpg,20171009,PH000000124,G01,4
659,ctrl,./images/PH000000124_LeicaMF_RGB_t6_G01.jpg,20171009,PH000000124,G01,6
660,ctrl,./images/PH000000124_LeicaMF_RGB_t0_H01.jpg,20171009,PH000000124,H01,0
661,ctrl,./images/PH000000124_LeicaMF_RGB_t1_H01.jpg,20171009,PH000000124,H01,1
662,ctrl,./images/PH000000124_LeicaMF_RGB_t2_H01.jpg,20171009,PH000000124,H01,2
663,ctrl,./images/PH000000124_LeicaMF_RGB_t4_H01.jpg,20171009,PH000000124,H01,4
664,ctrl,./images/PH000000124_LeicaMF_RGB_t6_H01.jpg,20171009,PH000000124,H01,6
665,ctrl,./images/PH000000125_LeicaMF_RGB_t0_A01.jpg,20171009,PH000000125,A01,0
666,ctrl,./images/PH000000125_LeicaMF_RGB_t1_A01.jpg,20171009,PH000000125,A01,1
667,ctrl,./images/PH000000125_LeicaMF_RGB_t2_A01.jpg,20171009,PH000000125,A01,2
668,ctrl,./images/PH000000125_LeicaMF_RGB_t4_A01.jpg,20171009,PH000000125,A01,4
669,ctrl,./images/PH000000125_LeicaMF_RGB_t6_A01.jpg,20171009,PH000000125,A01,6
670,ctrl,./images/PH000000125_LeicaMF_RGB_t0_C01.jpg,20171009,PH000000125,C01,0
671,ctrl,./images/PH000000125_LeicaMF_RGB_t1_C01.jpg,20171009,PH000000125,C01,1
672,ctrl,./images/PH000000125_LeicaMF_RGB_t2_C01.jpg,20171009,PH000000125,C01,2
673,ctrl,./images/PH000000125_LeicaMF_RGB_t4_C01.jpg,20171009,PH000000125,C01,4
674,ctrl,./images/PH000000125_LeicaMF_RGB_t6_C01.jpg,20171009,PH000000125,C01,6
675,ctrl,./images/PH000000125_LeicaMF_RGB_t0_D01.jpg,20171009,PH000000125,D01,0
676,ctrl,./images/PH000000125_LeicaMF_RGB_t1_D01.jpg,20171009,PH000000125,D01,1
677,ctrl,./images/PH000000125_LeicaMF_RGB_t2_D01.jpg,20171009,PH000000125,D01,2
678,ctrl,./images/PH000000125_LeicaMF_RGB_t4_D01.jpg,20171009,PH000000125,D01,4
679,ctrl,./images/PH000000125_LeicaMF_RGB_t6_D01.jpg,20171009,PH000000125,D01,6
680,ctrl,./images/PH000000125_LeicaMF_RGB_t0_E01.jpg,20171009,PH000000125,E01,0
681,ctrl,./images/PH000000125_LeicaMF_RGB_t1_E01.jpg,20171009,PH000000125,E01,1
682,ctrl,./images/PH000000125_LeicaMF_RGB_t2_E01.jpg,20171009,PH000000125,E01,2
683,ctrl,./images/PH000000125_LeicaMF_RGB_t4_E01.jpg,20171009,PH000000125,E01,4
684,ctrl,./images/PH000000125_LeicaMF_RGB_t6_E01.jpg,20171009,PH000000125,E01,6
685,ctrl,./images/PH000000125_LeicaMF_RGB_t0_F01.jpg,20171009,PH000000125,F01,0
686,ctrl,./images/PH000000125_LeicaMF_RGB_t1_F01.jpg,20171009,PH000000125,F01,1
687,ctrl,./images/PH000000125_LeicaMF_RGB_t2_F01.jpg,20171009,PH000000125,F01,2
688,ctrl,./images/PH000000125_LeicaMF_RGB_t4_F01.jpg,20171009,PH000000125,F01,4
689,ctrl,./images/PH000000125_LeicaMF_RGB_t6_F01.jpg,20171009,PH000000125,F01,6
690,ctrl,./images/PH000000125_LeicaMF_RGB_t0_G01.jpg,20171009,PH000000125,G01,0
691,ctrl,./images/PH000000125_LeicaMF_RGB_t1_G01.jpg,20171009,PH000000125,G01,1
692,ctrl,./images/PH000000125_LeicaMF_RGB_t2_G01.jpg,20171009,PH000000125,G01,2
693,ctrl,./images/PH000000125_LeicaMF_RGB_t4_G01.jpg,20171009,PH000000125,G01,4
694,ctrl,./images/PH000000125_LeicaMF_RGB_t6_G01.jpg,20171009,PH000000125,G01,6
695,ctrl,./images/PH000000125_LeicaMF_RGB_t0_H01.jpg,20171009,PH000000125,H01,0
696,ctrl,./images/PH000000125_LeicaMF_RGB_t1_H01.jpg,20171009,PH000000125,H01,1
697,ctrl,./images/PH000000125_LeicaMF_RGB_t2_H01.jpg,20171009,PH000000125,H01,2
698,ctrl,./images/PH000000125_LeicaMF_RGB_t4_H01.jpg,20171009,PH000000125,H01,4
699,ctrl,./images/PH000000125_LeicaMF_RGB_t6_H01.jpg,20171009,PH000000125,H01,6
700,ctrl,./images/PH000000126_LeicaMF_RGB_t0_A01.jpg,20171009,PH000000126,A01,0
701,ctrl,./images/PH000000126_LeicaMF_RGB_t1_A01.jpg,20171009,PH000000126,A01,1
702,ctrl,./images/PH000000126_LeicaMF_RGB_t2_A01.jpg,20171009,PH000000126,A01,2
703,ctrl,./images/PH000000126_LeicaMF_RGB_t4_A01.jpg,20171009,PH000000126,A01,4
704,ctrl,./images/PH000000126_LeicaMF_RGB_t6_A01.jpg,20171009,PH000000126,A01,6
705,ctrl,./images/PH000000126_LeicaMF_RGB_t0_B01.jpg,20171009,PH000000126,B01,0
706,ctrl,./images/PH000000126_LeicaMF_RGB_t1_B01.jpg,20171009,PH000000126,B01,1
707,ctrl,./images/PH000000126_LeicaMF_RGB_t2_B01.jpg,20171009,PH000000126,B01,2
708,ctrl,./images/PH000000126_LeicaMF_RGB_t4_B01.jpg,20171009,PH000000126,B01,4
709,ctrl,./images/PH000000126_LeicaMF_RGB_t6_B01.jpg,20171009,PH000000126,B01,6
710,ctrl,./images/PH000000126_LeicaMF_RGB_t0_C01.jpg,20171009,PH000000126,C01,0
711,ctrl,./images/PH000000126_LeicaMF_RGB_t1_C01.jpg,20171009,PH000000126,C01,1
712,ctrl,./images/PH000000126_LeicaMF_RGB_t2_C01.jpg,20171009,PH000000126,C01,2
713,ctrl,./images/PH000000126_LeicaMF_RGB_t4_C01.jpg,20171009,PH000000126,C01,4
714,ctrl,./images/PH000000126_LeicaMF_RGB_t6_C01.jpg,20171009,PH000000126,C01,6
715,ctrl,./images/PH000000126_LeicaMF_RGB_t0_D01.jpg,20171009,PH000000126,D01,0
716,ctrl,./images/PH000000126_LeicaMF_RGB_t1_D01.jpg,20171009,PH000000126,D01,1
717,ctrl,./images/PH000000126_LeicaMF_RGB_t2_D01.jpg,20171009,PH000000126,D01,2
718,ctrl,./images/PH000000126_LeicaMF_RGB_t4_D01.jpg,20171009,PH000000126,D01,4
719,ctrl,./images/PH000000126_LeicaMF_RGB_t6_D01.jpg,20171009,PH000000126,D01,6
720,ctrl,./images/PH000000126_LeicaMF_RGB_t0_E01.jpg,20171009,PH000000126,E01,0
721,ctrl,./images/PH000000126_LeicaMF_RGB_t1_E01.jpg,20171009,PH000000126,E01,1
722,ctrl,./images/PH000000126_LeicaMF_RGB_t2_E01.jpg,20171009,PH000000126,E01,2
723,ctrl,./images/PH000000126_LeicaMF_RGB_t4_E01.jpg,20171009,PH000000126,E01,4
724,ctrl,./images/PH000000126_LeicaMF_RGB_t6_E01.jpg,20171009,PH000000126,E01,6
725,ctrl,./images/PH000000126_LeicaMF_RGB_t0_F01.jpg,20171009,PH000000126,F01,0
726,ctrl,./images/PH000000126_LeicaMF_RGB_t1_F01.jpg,20171009,PH000000126,F01,1
727,ctrl,./images/PH000000126_LeicaMF_RGB_t2_F01.jpg,20171009,PH000000126,F01,2
728,ctrl,./images/PH000000126_LeicaMF_RGB_t4_F01.jpg,20171009,PH000000126,F01,4
729,ctrl,./images/PH000000126_LeicaMF_RGB_t6_F01.jpg,20171009,PH000000126,F01,6
730,ctrl,./images/PH000000126_LeicaMF_RGB_t0_G01.jpg,20171009,PH000000126,G01,0
731,ctrl,./images/PH000000126_LeicaMF_RGB_t1_G01.jpg,20171009,PH000000126,G01,1
732,ctrl,./images/PH000000126_LeicaMF_RGB_t2_G01.jpg,20171009,PH000000126,G01,2
733,ctrl,./images/PH000000126_LeicaMF_RGB_t4_G01.jpg,20171009,PH000000126,G01,4
734,ctrl,./images/PH000000126_LeicaMF_RGB_t6_G01.jpg,20171009,PH000000126,G01,6
735,ctrl,./images/PH000000126_LeicaMF_RGB_t0_H01.jpg,20171009,PH000000126,H01,0
736,ctrl,./images/PH000000126_LeicaMF_RGB_t1_H01.jpg,20171009,PH000000126,H01,1
737,ctrl,./images/PH000000126_LeicaMF_RGB_t2_H01.jpg,20171009,PH000000126,H01,2
738,ctrl,./images/PH000000126_LeicaMF_RGB_t4_H01.jpg,20171009,PH000000126,H01,4
739,ctrl,./images/PH000000126_LeicaMF_RGB_t6_H01.jpg,20171009,PH000000126,H01,6
740,ctrl,./images/PH000000127_LeicaMF_RGB_t0_B01.jpg,20171009,PH000000127,B01,0
741,ctrl,./images/PH000000127_LeicaMF_RGB_t1_B01.jpg,20171009,PH000000127,B01,1
742,ctrl,./images/PH000000127_LeicaMF_RGB_t2_B01.jpg,20171009,PH000000127,B01,2
743,ctrl,./images/PH000000127_LeicaMF_RGB_t4_B01.jpg,20171009,PH000000127,B01,4
744,ctrl,./images/PH000000127_LeicaMF_RGB_t6_B01.jpg,20171009,PH000000127,B01,6
745,ctrl,./images/PH000000127_LeicaMF_RGB_t0_C01.jpg,20171009,PH000000127,C01,0
746,ctrl,./images/PH000000127_LeicaMF_RGB_t1_C01.jpg,20171009,PH000000127,C01,1
747,ctrl,./images/PH000000127_LeicaMF_RGB_t2_C01.jpg,20171009,PH000000127,C01,2
748,ctrl,./images/PH000000127_LeicaMF_RGB_t4_C01.jpg,20171009,PH000000127,C01,4
749,ctrl,./images/PH000000127_LeicaMF_RGB_t6_C01.jpg,20171009,PH000000127,C01,6
750,ctrl,./images/PH000000127_LeicaMF_RGB_t0_E01.jpg,20171009,PH000000127,E01,0
751,ctrl,./images/PH000000127_LeicaMF_RGB_t1_E01.jpg,20171009,PH000000127,E01,1
752,ctrl,./images/PH000000127_LeicaMF_RGB_t2_E01.jpg,20171009,PH000000127,E01,2
753,ctrl,./images/PH000000127_LeicaMF_RGB_t4_E01.jpg,20171009,PH000000127,E01,4
754,ctrl,./images/PH000000127_LeicaMF_RGB_t6_E01.jpg,20171009,PH000000127,E01,6
755,ctrl,./images/PH000000127_LeicaMF_RGB_t0_G01.jpg,20171009,PH000000127,G01,0
756,ctrl,./images/PH000000127_LeicaMF_RGB_t1_G01.jpg,20171009,PH000000127,G01,1
757,ctrl,./images/PH000000127_LeicaMF_RGB_t2_G01.jpg,20171009,PH000000127,G01,2
758,ctrl,./images/PH000000127_LeicaMF_RGB_t4_G01.jpg,20171009,PH000000127,G01,4
759,ctrl,./images/PH000000127_LeicaMF_RGB_t6_G01.jpg,20171009,PH000000127,G01,6
760,ctrl,./images/PH000000127_LeicaMF_RGB_t0_H01.jpg,20171009,PH000000127,H01,0
761,ctrl,./images/PH000000127_LeicaMF_RGB_t1_H01.jpg,20171009,PH000000127,H01,1
762,ctrl,./images/PH000000127_LeicaMF_RGB_t2_H01.jpg,20171009,PH000000127,H01,2
763,ctrl,./images/PH000000127_LeicaMF_RGB_t4_H01.jpg,20171009,PH000000127,H01,4
764,ctrl,./images/PH000000127_LeicaMF_RGB_t6_H01.jpg,20171009,PH000000127,H01,6
765,ctrl,./images/PH000000128_LeicaMF_RGB_t0_A01.jpg,20171009,PH000000128,A01,0
766,ctrl,./images/PH000000128_LeicaMF_RGB_t1_A01.jpg,20171009,PH000000128,A01,1
767,ctrl,./images/PH000000128_LeicaMF_RGB_t2_A01.jpg,20171009,PH000000128,A01,2
768,ctrl,./images/PH000000128_LeicaMF_RGB_t4_A01.jpg,20171009,PH000000128,A01,4
769,ctrl,./images/PH000000128_LeicaMF_RGB_t6_A01.jpg,20171009,PH000000128,A01,6
770,ctrl,./images/PH000000128_LeicaMF_RGB_t0_B01.jpg,20171009,PH000000128,B01,0
771,ctrl,./images/PH000000128_LeicaMF_RGB_t1_B01.jpg,20171009,PH000000128,B01,1
772,ctrl,./images/PH000000128_LeicaMF_RGB_t2_B01.jpg,20171009,PH000000128,B01,2
773,ctrl,./images/PH000000128_LeicaMF_RGB_t4_B01.jpg,20171009,PH000000128,B01,4
774,ctrl,./images/PH000000128_LeicaMF_RGB_t6_B01.jpg,20171009,PH000000128,B01,6
775,ctrl,./images/PH000000128_LeicaMF_RGB_t0_C01.jpg,20171009,PH000000128,C01,0
776,ctrl,./images/PH000000128_LeicaMF_RGB_t1_C01.jpg,20171009,PH000000128,C01,1
777,ctrl,./images/PH000000128_LeicaMF_RGB_t2_C01.jpg,20171009,PH000000128,C01,2
778,ctrl,./images/PH000000128_LeicaMF_RGB_t4_C01.jpg,20171009,PH000000128,C01,4
779,ctrl,./images/PH000000128_LeicaMF_RGB_t6_C01.jpg,20171009,PH000000128,C01,6
780,ctrl,./images/PH000000128_LeicaMF_RGB_t0_D01.jpg,20171009,PH000000128,D01,0
781,ctrl,./images/PH000000128_LeicaMF_RGB_t1_D01.jpg,20171009,PH000000128,D01,1
782,ctrl,./images/PH000000128_LeicaMF_RGB_t2_D01.jpg,20171009,PH000000128,D01,2
783,ctrl,./images/PH000000128_LeicaMF_RGB_t4_D01.jpg,20171009,PH000000128,D01,4
784,ctrl,./images/PH000000128_LeicaMF_RGB_t6_D01.jpg,20171009,PH000000128,D01,6
785,ctrl,./images/PH000000128_LeicaMF_RGB_t0_E01.jpg,20171009,PH000000128,E01,0
786,ctrl,./images/PH000000128_LeicaMF_RGB_t1_E01.jpg,20171009,PH000000128,E01,1
787,ctrl,./images/PH000000128_LeicaMF_RGB_t2_E01.jpg,20171009,PH000000128,E01,2
788,ctrl,./images/PH000000128_LeicaMF_RGB_t4_E01.jpg,20171009,PH000000128,E01,4
789,ctrl,./images/PH000000128_LeicaMF_RGB_t6_E01.jpg,20171009,PH000000128,E01,6
790,ctrl,./images/PH000000128_LeicaMF_RGB_t0_F01.jpg,20171009,PH000000128,F01,0
791,ctrl,./images/PH000000128_LeicaMF_RGB_t1_F01.jpg,20171009,PH000000128,F01,1
792,ctrl,./images/PH000000128_LeicaMF_RGB_t2_F01.jpg,20171009,PH000000128,F01,2
793,ctrl,./images/PH000000128_LeicaMF_RGB_t4_F01.jpg,20171009,PH000000128,F01,4
794,ctrl,./images/PH000000128_LeicaMF_RGB_t6_F01.jpg,20171009,PH000000128,F01,6
795,ctrl,./images/PH000000128_LeicaMF_RGB_t0_G01.jpg,20171009,PH000000128,G01,0
796,ctrl,./images/PH000000128_LeicaMF_RGB_t1_G01.jpg,20171009,PH000000128,G01,1
797,ctrl,./images/PH000000128_LeicaMF_RGB_t2_G01.jpg,20171009,PH000000128,G01,2
798,ctrl,./images/PH000000128_LeicaMF_RGB_t4_G01.jpg,20171009,PH000000128,G01,4
799,ctrl,./images/PH000000128_LeicaMF_RGB_t6_G01.jpg,20171009,PH000000128,G01,6
800,ctrl,./images/PH000000128_LeicaMF_RGB_t0_H01.jpg,20171009,PH000000128,H01,0
801,ctrl,./images/PH000000128_LeicaMF_RGB_t1_H01.jpg,20171009,PH000000128,H01,1
802,ctrl,./images/PH000000128_LeicaMF_RGB_t2_H01.jpg,20171009,PH000000128,H01,2
803,ctrl,./images/PH000000128_LeicaMF_RGB_t4_H01.jpg,20171009,PH000000128,H01,4
804,ctrl,./images/PH000000128_LeicaMF_RGB_t6_H01.jpg,20171009,PH000000128,H01,6
805,ctrl,./images/PH000000129_LeicaMF_RGB_t0_D01.jpg,20171009,PH000000129,D01,0
806,ctrl,./images/PH000000129_LeicaMF_RGB_t1_D01.jpg,20171009,PH000000129,D01,1
807,ctrl,./images/PH000000129_LeicaMF_RGB_t2_D01.jpg,20171009,PH000000129,D01,2
808,ctrl,./images/PH000000129_LeicaMF_RGB_t4_D01.jpg,20171009,PH000000129,D01,4
809,ctrl,./images/PH000000129_LeicaMF_RGB_t6_D01.jpg,20171009,PH000000129,D01,6
810,ctrl,./images/PH000000129_LeicaMF_RGB_t0_E01.jpg,20171009,PH000000129,E01,0
811,ctrl,./images/PH000000129_LeicaMF_RGB_t1_E01.jpg,20171009,PH000000129,E01,1
812,ctrl,./images/PH000000129_LeicaMF_RGB_t2_E01.jpg,20171009,PH000000129,E01,2
813,ctrl,./images/PH000000129_LeicaMF_RGB_t4_E01.jpg,20171009,PH000000129,E01,4
814,ctrl,./images/PH000000129_LeicaMF_RGB_t6_E01.jpg,20171009,PH000000129,E01,6
815,ctrl,./images/PH000000129_LeicaMF_RGB_t0_F01.jpg,20171009,PH000000129,F01,0
816,ctrl,./images/PH000000129_LeicaMF_RGB_t1_F01.jpg,20171009,PH000000129,F01,1
817,ctrl,./images/PH000000129_LeicaMF_RGB_t2_F01.jpg,20171009,PH000000129,F01,2
818,ctrl,./images/PH000000129_LeicaMF_RGB_t4_F01.jpg,20171009,PH000000129,F01,4
819,ctrl,./images/PH000000129_LeicaMF_RGB_t6_F01.jpg,20171009,PH000000129,F01,6
820,ctrl,./images/PH000000129_LeicaMF_RGB_t0_G01.jpg,20171009,PH000000129,G01,0
821,ctrl,./images/PH000000129_LeicaMF_RGB_t1_G01.jpg,20171009,PH000000129,G01,1
822,ctrl,./images/PH000000129_LeicaMF_RGB_t2_G01.jpg,20171009,PH000000129,G01,2
823,ctrl,./images/PH000000129_LeicaMF_RGB_t4_G01.jpg,20171009,PH000000129,G01,4
824,ctrl,./images/PH000000129_LeicaMF_RGB_t6_G01.jpg,20171009,PH000000129,G01,6
825,ctrl,./images/PH000000129_LeicaMF_RGB_t0_H01.jpg,20171009,PH000000129,H01,0
826,ctrl,./images/PH000000129_LeicaMF_RGB_t1_H01.jpg,20171009,PH000000129,H01,1
827,ctrl,./images/PH000000129_LeicaMF_RGB_t2_H01.jpg,20171009,PH000000129,H01,2
828,ctrl,./images/PH000000129_LeicaMF_RGB_t4_H01.jpg,20171009,PH000000129,H01,4
829,ctrl,./images/PH000000129_LeicaMF_RGB_t6_H01.jpg,20171009,PH000000129,H01,6
830,ctrl,./images/PH000000131_LeicaMF_RGB_t0_A01.jpg,20171009,PH000000131,A01,0
831,ctrl,./images/PH000000131_LeicaMF_RGB_t1_A01.jpg,20171009,PH000000131,A01,1
832,ctrl,./images/PH000000131_LeicaMF_RGB_t2_A01.jpg,20171009,PH000000131,A01,2
833,ctrl,./images/PH000000131_LeicaMF_RGB_t4_A01.jpg,20171009,PH000000131,A01,4
834,ctrl,./images/PH000000131_LeicaMF_RGB_t6_A01.jpg,20171009,PH000000131,A01,6
835,ctrl,./images/PH000000131_LeicaMF_RGB_t0_C01.jpg,20171009,PH000000131,C01,0
836,ctrl,./images/PH000000131_LeicaMF_RGB_t1_C01.jpg,20171009,PH000000131,C01,1
837,ctrl,./images/PH000000131_LeicaMF_RGB_t2_C01.jpg,20171009,PH000000131,C01,2
838,ctrl,./images/PH000000131_LeicaMF_RGB_t4_C01.jpg,20171009,PH000000131,C01,4
839,ctrl,./images/PH000000131_LeicaMF_RGB_t6_C01.jpg,20171009,PH000000131,C01,6
840,ctrl,./images/PH000000131_LeicaMF_RGB_t0_E01.jpg,20171009,PH000000131,E01,0
841,ctrl,./images/PH000000131_LeicaMF_RGB_t1_E01.jpg,20171009,PH000000131,E01,1
842,ctrl,./images/PH000000131_LeicaMF_RGB_t2_E01.jpg,20171009,PH000000131,E01,2
843,ctrl,./images/PH000000131_LeicaMF_RGB_t4_E01.jpg,20171009,PH000000131,E01,4
844,ctrl,./images/PH000000131_LeicaMF_RGB_t6_E01.jpg,20171009,PH000000131,E01,6
845,ctrl,./images/PH000000131_LeicaMF_RGB_t0_F01.jpg,20171009,PH000000131,F01,0
846,ctrl,./images/PH000000131_LeicaMF_RGB_t1_F01.jpg,20171009,PH000000131,F01,1
847,ctrl,./images/PH000000131_LeicaMF_RGB_t2_F01.jpg,20171009,PH000000131,F01,2
848,ctrl,./images/PH000000131_LeicaMF_RGB_t4_F01.jpg,20171009,PH000000131,F01,4
849,ctrl,./images/PH000000131_LeicaMF_RGB_t6_F01.jpg,20171009,PH000000131,F01,6
850,ctrl,./images/PH000000131_LeicaMF_RGB_t0_G01.jpg,20171009,PH000000131,G01,0
851,ctrl,./images/PH000000131_LeicaMF_RGB_t1_G01.jpg,20171009,PH000000131,G01,1
852,ctrl,./images/PH000000131_LeicaMF_RGB_t2_G01.jpg,20171009,PH000000131,G01,2
853,ctrl,./images/PH000000131_LeicaMF_RGB_t4_G01.jpg,20171009,PH000000131,G01,4
854,ctrl,./images/PH000000131_LeicaMF_RGB_t6_G01.jpg,20171009,PH000000131,G01,6
855,ctrl,./images/PH000000131_LeicaMF_RGB_t0_H01.jpg,20171009,PH000000131,H01,0
856,ctrl,./images/PH000000131_LeicaMF_RGB_t1_H01.jpg,20171009,PH000000131,H01,1
857,ctrl,./images/PH000000131_LeicaMF_RGB_t2_H01.jpg,20171009,PH000000131,H01,2
858,ctrl,./images/PH000000131_LeicaMF_RGB_t4_H01.jpg,20171009,PH000000131,H01,4
859,ctrl,./images/PH000000131_LeicaMF_RGB_t6_H01.jpg,20171009,PH000000131,H01,6
860,ctrl,./images/PH000000132_LeicaMF_RGB_t0_A01.jpg,20171009,PH000000132,A01,0
861,ctrl,./images/PH000000132_LeicaMF_RGB_t1_A01.jpg,20171009,PH000000132,A01,1
862,ctrl,./images/PH000000132_LeicaMF_RGB_t2_A01.jpg,20171009,PH000000132,A01,2
863,ctrl,./images/PH000000132_LeicaMF_RGB_t4_A01.jpg,20171009,PH000000132,A01,4
864,ctrl,./images/PH000000132_LeicaMF_RGB_t6_A01.jpg,20171009,PH000000132,A01,6
865,ctrl,./images/PH000000132_LeicaMF_RGB_t0_C01.jpg,20171009,PH000000132,C01,0
866,ctrl,./images/PH000000132_LeicaMF_RGB_t1_C01.jpg,20171009,PH000000132,C01,1
867,ctrl,./images/PH000000132_LeicaMF_RGB_t2_C01.jpg,20171009,PH000000132,C01,2
868,ctrl,./images/PH000000132_LeicaMF_RGB_t4_C01.jpg,20171009,PH000000132,C01,4
869,ctrl,./images/PH000000132_LeicaMF_RGB_t6_C01.jpg,20171009,PH000000132,C01,6
870,ctrl,./images/PH000000132_LeicaMF_RGB_t0_D01.jpg,20171009,PH000000132,D01,0
871,ctrl,./images/PH000000132_LeicaMF_RGB_t1_D01.jpg,20171009,PH000000132,D01,1
872,ctrl,./images/PH000000132_LeicaMF_RGB_t2_D01.jpg,20171009,PH000000132,D01,2
873,ctrl,./images/PH000000132_LeicaMF_RGB_t4_D01.jpg,20171009,PH000000132,D01,4
874,ctrl,./images/PH000000132_LeicaMF_RGB_t6_D01.jpg,20171009,PH000000132,D01,6
875,ctrl,./images/PH000000132_LeicaMF_RGB_t0_E01.jpg,20171009,PH000000132,E01,0
876,ctrl,./images/PH000000132_LeicaMF_RGB_t1_E01.jpg,20171009,PH000000132,E01,1
877,ctrl,./images/PH000000132_LeicaMF_RGB_t2_E01.jpg,20171009,PH000000132,E01,2
878,ctrl,./images/PH000000132_LeicaMF_RGB_t4_E01.jpg,20171009,PH000000132,E01,4
879,ctrl,./images/PH000000132_LeicaMF_RGB_t6_E01.jpg,20171009,PH000000132,E01,6
880,ctrl,./images/PH000000132_LeicaMF_RGB_t0_F01.jpg,20171009,PH000000132,F01,0
881,ctrl,./images/PH000000132_LeicaMF_RGB_t1_F01.jpg,20171009,PH000000132,F01,1
882,ctrl,./images/PH000000132_LeicaMF_RGB_t2_F01.jpg,20171009,PH000000132,F01,2
883,ctrl,./images/PH000000132_LeicaMF_RGB_t4_F01.jpg,20171009,PH000000132,F01,4
884,ctrl,./images/PH000000132_LeicaMF_RGB_t6_F01.jpg,20171009,PH000000132,F01,6
885,ctrl,./images/PH000000132_LeicaMF_RGB_t0_G01.jpg,20171009,PH000000132,G01,0
886,ctrl,./images/PH000000132_LeicaMF_RGB_t1_G01.jpg,20171009,PH000000132,G01,1
887,ctrl,./images/PH000000132_LeicaMF_RGB_t2_G01.jpg,20171009,PH000000132,G01,2
888,ctrl,./images/PH000000132_LeicaMF_RGB_t4_G01.jpg,20171009,PH000000132,G01,4
889,ctrl,./images/PH000000132_LeicaMF_RGB_t6_G01.jpg,20171009,PH000000132,G01,6
890,ctrl,./images/PH000000133_LeicaMF_RGB_t0_A01.jpg,20171009,PH000000133,A01,0
891,ctrl,./images/PH000000133_LeicaMF_RGB_t1_A01.jpg,20171009,PH000000133,A01,1
892,ctrl,./images/PH000000133_LeicaMF_RGB_t2_A01.jpg,20171009,PH000000133,A01,2
893,ctrl,./images/PH000000133_LeicaMF_RGB_t4_A01.jpg,20171009,PH000000133,A01,4
894,ctrl,./images/PH000000133_LeicaMF_RGB_t6_A01.jpg,20171009,PH000000133,A01,6
895,ctrl,./images/PH000000133_LeicaMF_RGB_t0_B01.jpg,20171009,PH000000133,B01,0
896,ctrl,./images/PH000000133_LeicaMF_RGB_t1_B01.jpg,20171009,PH000000133,B01,1
897,ctrl,./images/PH000000133_LeicaMF_RGB_t2_B01.jpg,20171009,PH000000133,B01,2
898,ctrl,./images/PH000000133_LeicaMF_RGB_t4_B01.jpg,20171009,PH000000133,B01,4
899,ctrl,./images/PH000000133_LeicaMF_RGB_t6_B01.jpg,20171009,PH000000133,B01,6
900,ctrl,./images/PH000000133_LeicaMF_RGB_t0_C01.jpg,20171009,PH000000133,C01,0
901,ctrl,./images/PH000000133_LeicaMF_RGB_t1_C01.jpg,20171009,PH000000133,C01,1
902,ctrl,./images/PH000000133_LeicaMF_RGB_t2_C01.jpg,20171009,PH000000133,C01,2
903,ctrl,./images/PH000000133_LeicaMF_RGB_t4_C01.jpg,20171009,PH000000133,C01,4
904,ctrl,./images/PH000000133_LeicaMF_RGB_t6_C01.jpg,20171009,PH000000133,C01,6
905,ctrl,./images/PH000000133_LeicaMF_RGB_t0_D01.jpg,20171009,PH000000133,D01,0
906,ctrl,./images/PH000000133_LeicaMF_RGB_t1_D01.jpg,20171009,PH000000133,D01,1
907,ctrl,./images/PH000000133_LeicaMF_RGB_t2_D01.jpg,20171009,PH000000133,D01,2
908,ctrl,./images/PH000000133_LeicaMF_RGB_t4_D01.jpg,20171009,PH000000133,D01,4
909,ctrl,./images/PH000000133_LeicaMF_RGB_t6_D01.jpg,20171009,PH000000133,D01,6
910,ctrl,./images/PH000000133_LeicaMF_RGB_t0_F01.jpg,20171009,PH000000133,F01,0
911,ctrl,./images/PH000000133_LeicaMF_RGB_t1_F01.jpg,20171009,PH000000133,F01,1
912,ctrl,./images/PH000000133_LeicaMF_RGB_t2_F01.jpg,20171009,PH000000133,F01,2
913,ctrl,./images/PH000000133_LeicaMF_RGB_t4_F01.jpg,20171009,PH000000133,F01,4
914,ctrl,./images/PH000000133_LeicaMF_RGB_t6_F01.jpg,20171009,PH000000133,F01,6
915,ctrl,./images/PH000000133_LeicaMF_RGB_t0_G01.jpg,20171009,PH000000133,G01,0
916,ctrl,./images/PH000000133_LeicaMF_RGB_t1_G01.jpg,20171009,PH000000133,G01,1
917,ctrl,./images/PH000000133_LeicaMF_RGB_t2_G01.jpg,20171009,PH000000133,G01,2
918,ctrl,./images/PH000000133_LeicaMF_RGB_t4_G01.jpg,20171009,PH000000133,G01,4
919,ctrl,./images/PH000000133_LeicaMF_RGB_t6_G01.jpg,20171009,PH000000133,G01,6
920,ctrl,./images/PH000000133_LeicaMF_RGB_t0_H01.jpg,20171009,PH000000133,H01,0
921,ctrl,./images/PH000000133_LeicaMF_RGB_t1_H01.jpg,20171009,PH000000133,H01,1
922,ctrl,./images/PH000000133_LeicaMF_RGB_t2_H01.jpg,20171009,PH000000133,H01,2
923,ctrl,./images/PH000000133_LeicaMF_RGB_t4_H01.jpg,20171009,PH000000133,H01,4
924,ctrl,./images/PH000000133_LeicaMF_RGB_t6_H01.jpg,20171009,PH000000133,H01,6
925,ctrl,./images/PH000000134_LeicaMF_RGB_t0_A01.jpg,20171009,PH000000134,A01,0
926,ctrl,./images/PH000000134_LeicaMF_RGB_t1_A01.jpg,20171009,PH000000134,A01,1
927,ctrl,./images/PH000000134_LeicaMF_RGB_t2_A01.jpg,20171009,PH000000134,A01,2
928,ctrl,./images/PH000000134_LeicaMF_RGB_t4_A01.jpg,20171009,PH000000134,A01,4
929,ctrl,./images/PH000000134_LeicaMF_RGB_t6_A01.jpg,20171009,PH000000134,A01,6
930,ctrl,./images/PH000000134_LeicaMF_RGB_t0_B01.jpg,20171009,PH000000134,B01,0
931,ctrl,./images/PH000000134_LeicaMF_RGB_t1_B01.jpg,20171009,PH000000134,B01,1
932,ctrl,./images/PH000000134_LeicaMF_RGB_t2_B01.jpg,20171009,PH000000134,B01,2
933,ctrl,./images/PH000000134_LeicaMF_RGB_t4_B01.jpg,20171009,PH000000134,B01,4
934,ctrl,./images/PH000000134_LeicaMF_RGB_t6_B01.jpg,20171009,PH000000134,B01,6
935,ctrl,./images/PH000000134_LeicaMF_RGB_t0_C01.jpg,20171009,PH000000134,C01,0
936,ctrl,./images/PH000000134_LeicaMF_RGB_t1_C01.jpg,20171009,PH000000134,C01,1
937,ctrl,./images/PH000000134_LeicaMF_RGB_t2_C01.jpg,20171009,PH000000134,C01,2
938,ctrl,./images/PH000000134_LeicaMF_RGB_t4_C01.jpg,20171009,PH000000134,C01,4
939,ctrl,./images/PH000000134_LeicaMF_RGB_t6_C01.jpg,20171009,PH000000134,C01,6
940,ctrl,./images/PH000000134_LeicaMF_RGB_t0_D01.jpg,20171009,PH000000134,D01,0
941,ctrl,./images/PH000000134_LeicaMF_RGB_t1_D01.jpg,20171009,PH000000134,D01,1
942,ctrl,./images/PH000000134_LeicaMF_RGB_t2_D01.jpg,20171009,PH000000134,D01,2
943,ctrl,./images/PH000000134_LeicaMF_RGB_t4_D01.jpg,20171009,PH000000134,D01,4
944,ctrl,./images/PH000000134_LeicaMF_RGB_t6_D01.jpg,20171009,PH000000134,D01,6
945,ctrl,./images/PH000000134_LeicaMF_RGB_t0_E01.jpg,20171009,PH000000134,E01,0
946,ctrl,./images/PH000000134_LeicaMF_RGB_t1_E01.jpg,20171009,PH000000134,E01,1
947,ctrl,./images/PH000000134_LeicaMF_RGB_t2_E01.jpg,20171009,PH000000134,E01,2
948,ctrl,./images/PH000000134_LeicaMF_RGB_t4_E01.jpg,20171009,PH000000134,E01,4
949,ctrl,./images/PH000000134_LeicaMF_RGB_t6_E01.jpg,20171009,PH000000134,E01,6
950,ctrl,./images/PH000000134_LeicaMF_RGB_t0_F01.jpg,20171009,PH000000134,F01,0
951,ctrl,./images/PH000000134_LeicaMF_RGB_t1_F01.jpg,20171009,PH000000134,F01,1
952,ctrl,./images/PH000000134_LeicaMF_RGB_t2_F01.jpg,20171009,PH000000134,F01,2
953,ctrl,./images/PH000000134_LeicaMF_RGB_t4_F01.jpg,20171009,PH000000134,F01,4
954,ctrl,./images/PH000000134_LeicaMF_RGB_t6_F01.jpg,20171009,PH000000134,F01,6
955,ctrl,./images/PH000000134_LeicaMF_RGB_t0_H01.jpg,20171009,PH000000134,H01,0
956,ctrl,./images/PH000000134_LeicaMF_RGB_t1_H01.jpg,20171009,PH000000134,H01,1
957,ctrl,./images/PH000000134_LeicaMF_RGB_t2_H01.jpg,20171009,PH000000134,H01,2
958,ctrl,./images/PH000000134_LeicaMF_RGB_t4_H01.jpg,20171009,PH000000134,H01,4
959,ctrl,./images/PH000000134_LeicaMF_RGB_t6_H01.jpg,20171009,PH000000134,H01,6
960,ctrl,./images/PH000000135_LeicaMF_RGB_t0_A01.jpg,20171009,PH000000135,A01,0
961,ctrl,./images/PH000000135_LeicaMF_RGB_t1_A01.jpg,20171009,PH000000135,A01,1
962,ctrl,./images/PH000000135_LeicaMF_RGB_t2_A01.jpg,20171009,PH000000135,A01,2
963,ctrl,./images/PH000000135_LeicaMF_RGB_t4_A01.jpg,20171009,PH000000135,A01,4
964,ctrl,./images/PH000000135_LeicaMF_RGB_t6_A01.jpg,20171009,PH000000135,A01,6
965,ctrl,./images/PH000000135_LeicaMF_RGB_t0_B01.jpg,20171009,PH000000135,B01,0
966,ctrl,./images/PH000000135_LeicaMF_RGB_t1_B01.jpg,20171009,PH000000135,B01,1
967,ctrl,./images/PH000000135_LeicaMF_RGB_t2_B01.jpg,20171009,PH000000135,B01,2
968,ctrl,./images/PH000000135_LeicaMF_RGB_t4_B01.jpg,20171009,PH000000135,B01,4
969,ctrl,./images/PH000000135_LeicaMF_RGB_t6_B01.jpg,20171009,PH000000135,B01,6
970,ctrl,./images/PH000000135_LeicaMF_RGB_t0_C01.jpg,20171009,PH000000135,C01,0
971,ctrl,./images/PH000000135_LeicaMF_RGB_t1_C01.jpg,20171009,PH000000135,C01,1
972,ctrl,./images/PH000000135_LeicaMF_RGB_t2_C01.jpg,20171009,PH000000135,C01,2
973,ctrl,./images/PH000000135_LeicaMF_RGB_t4_C01.jpg,20171009,PH000000135,C01,4
974,ctrl,./images/PH000000135_LeicaMF_RGB_t6_C01.jpg,20171009,PH000000135,C01,6
975,ctrl,./images/PH000000135_LeicaMF_RGB_t0_E01.jpg,20171009,PH000000135,E01,0
976,ctrl,./images/PH000000135_LeicaMF_RGB_t1_E01.jpg,20171009,PH000000135,E01,1
977,ctrl,./images/PH000000135_LeicaMF_RGB_t2_E01.jpg,20171009,PH000000135,E01,2
978,ctrl,./images/PH000000135_LeicaMF_RGB_t4_E01.jpg,20171009,PH000000135,E01,4
979,ctrl,./images/PH000000135_LeicaMF_RGB_t6_E01.jpg,20171009,PH000000135,E01,6
980,ctrl,./images/PH000000135_LeicaMF_RGB_t0_G01.jpg,20171009,PH000000135,G01,0
981,ctrl,./images/PH000000135_LeicaMF_RGB_t1_G01.jpg,20171009,PH000000135,G01,1
982,ctrl,./images/PH000000135_LeicaMF_RGB_t2_G01.jpg,20171009,PH000000135,G01,2
983,ctrl,./images/PH000000135_LeicaMF_RGB_t4_G01.jpg,20171009,PH000000135,G01,4
984,ctrl,./images/PH000000135_LeicaMF_RGB_t6_G01.jpg,20171009,PH000000135,G01,6
985,ctrl,./images/PH000000136_LeicaMF_RGB_t0_A01.jpg,20171009,PH000000136,A01,0
986,ctrl,./images/PH000000136_LeicaMF_RGB_t1_A01.jpg,20171009,PH000000136,A01,1
987,ctrl,./images/PH000000136_LeicaMF_RGB_t2_A01.jpg,20171009,PH000000136,A01,2
988,ctrl,./images/PH000000136_LeicaMF_RGB_t4_A01.jpg,20171009,PH000000136,A01,4
989,ctrl,./images/PH000000136_LeicaMF_RGB_t6_A01.jpg,20171009,PH000000136,A01,6
990,ctrl,./images/PH000000136_LeicaMF_RGB_t0_B01.jpg,20171009,PH000000136,B01,0
991,ctrl,./images/PH000000136_LeicaMF_RGB_t1_B01.jpg,20171009,PH000000136,B01,1
992,ctrl,./images/PH000000136_LeicaMF_RGB_t2_B01.jpg,20171009,PH000000136,B01,2
993,ctrl,./images/PH000000136_LeicaMF_RGB_t4_B01.jpg,20171009,PH000000136,B01,4
994,ctrl,./images/PH000000136_LeicaMF_RGB_t6_B01.jpg,20171009,PH000000136,B01,6
995,ctrl,./images/PH000000136_LeicaMF_RGB_t0_C01.jpg,20171009,PH000000136,C01,0
996,ctrl,./images/PH000000136_LeicaMF_RGB_t1_C01.jpg,20171009,PH000000136,C01,1
997,ctrl,./images/PH000000136_LeicaMF_RGB_t2_C01.jpg,20171009,PH000000136,C01,2
998,ctrl,./images/PH000000136_LeicaMF_RGB_t4_C01.jpg,20171009,PH000000136,C01,4
999,ctrl,./images/PH000000136_LeicaMF_RGB_t6_C01.jpg,20171009,PH000000136,C01,6
1000,ctrl,./images/PH000000136_LeicaMF_RGB_t0_F01.jpg,20171009,PH000000136,F01,0
1001,ctrl,./images/PH000000136_LeicaMF_RGB_t1_F01.jpg,20171009,PH000000136,F01,1
1002,ctrl,./images/PH000000136_LeicaMF_RGB_t2_F01.jpg,20171009,PH000000136,F01,2
1003,ctrl,./images/PH000000136_LeicaMF_RGB_t4_F01.jpg,20171009,PH000000136,F01,4
1004,ctrl,./images/PH000000136_LeicaMF_RGB_t6_F01.jpg,20171009,PH000000136,F01,6
1005,ctrl,./images/PH000000136_LeicaMF_RGB_t0_G01.jpg,20171009,PH000000136,G01,0
1006,ctrl,./images/PH000000136_LeicaMF_RGB_t1_G01.jpg,20171009,PH000000136,G01,1
1007,ctrl,./images/PH000000136_LeicaMF_RGB_t2_G01.jpg,20171009,PH000000136,G01,2
1008,ctrl,./images/PH000000136_LeicaMF_RGB_t4_G01.jpg,20171009,PH000000136,G01,4
1009,ctrl,./images/PH000000136_LeicaMF_RGB_t6_G01.jpg,20171009,PH000000136,G01,6
1010,ctrl,./images/PH000000136_LeicaMF_RGB_t0_H01.jpg,20171009,PH000000136,H01,0
1011,ctrl,./images/PH000000136_LeicaMF_RGB_t1_H01.jpg,20171009,PH000000136,H01,1
1012,ctrl,./images/PH000000136_LeicaMF_RGB_t2_H01.jpg,20171009,PH000000136,H01,2
1013,ctrl,./images/PH000000136_LeicaMF_RGB_t4_H01.jpg,20171009,PH000000136,H01,4
1014,ctrl,./images/PH000000136_LeicaMF_RGB_t6_H01.jpg,20171009,PH000000136,H01,6
1015,ctrl,./images/PH000000137_LeicaMF_RGB_t0_A01.jpg,20171009,PH000000137,A01,0
1016,ctrl,./images/PH000000137_LeicaMF_RGB_t1_A01.jpg,20171009,PH000000137,A01,1
1017,ctrl,./images/PH000000137_LeicaMF_RGB_t2_A01.jpg,20171009,PH000000137,A01,2
1018,ctrl,./images/PH000000137_LeicaMF_RGB_t4_A01.jpg,20171009,PH000000137,A01,4
1019,ctrl,./images/PH000000137_LeicaMF_RGB_t6_A01.jpg,20171009,PH000000137,A01,6
1020,ctrl,./images/PH000000137_LeicaMF_RGB_t0_C01.jpg,20171009,PH000000137,C01,0
1021,ctrl,./images/PH000000137_LeicaMF_RGB_t1_C01.jpg,20171009,PH000000137,C01,1
1022,ctrl,./images/PH000000137_LeicaMF_RGB_t2_C01.jpg,20171009,PH000000137,C01,2
1023,ctrl,./images/PH000000137_LeicaMF_RGB_t4_C01.jpg,20171009,PH000000137,C01,4
1024,ctrl,./images/PH000000137_LeicaMF_RGB_t6_C01.jpg,20171009,PH000000137,C01,6
